	spars-0.9_appr-dm_kernel-normalized_angle_comp-1_gradient	spars-0.9_appr-dm_kernel-normalized_angle_comp-2_gradient	spars-0.9_appr-dm_kernel-normalized_angle_comp-3_gradient	spars-0.9_appr-dm_kernel-normalized_angle_comp-4_gradient	spars-0.9_appr-dm_kernel-normalized_angle_comp-5_gradient	spars-0.9_appr-dm_kernel-normalized_angle_comp-6_gradient	spars-0.9_appr-dm_kernel-normalized_angle_comp-7_gradient	spars-0.9_appr-dm_kernel-normalized_angle_comp-8_gradient	spars-0.9_appr-dm_kernel-normalized_angle_comp-9_gradient	spars-0.9_appr-dm_kernel-normalized_angle_comp-10_gradient
0	0.005874571820751346	0.13965580590998874	-0.012753515622729814	-0.017558708163351866	0.0030664769641611787	-0.030922795912463285	-0.0008927517070173081	-0.013085956824597962	-0.03192944777254908	-0.01918487535898456
1	0.009302168884108192	0.15767277447925768	-0.01994013134218821	-0.052575396598598535	0.016621795356040282	-0.010305869156758523	-0.016453980116321532	-0.0014272161327731874	0.0018055294137926234	-0.004522605991918381
2	0.005748842818450369	0.1373944624187285	-0.014472620202695059	-0.026766767364620584	0.00962482705861551	-0.031105839444884823	-0.007027006642682472	-0.012953289819006257	-0.031098574290277646	-0.023102225086308652
3	0.007908997325979309	0.1380751805070642	-0.018252859497402574	-0.048807163043516885	0.019066630079886644	-0.012452650771879306	-0.016575247037511256	-0.0011444192283898503	-0.0025255111483873946	-0.008850460287900656
4	0.004400021988718752	0.10523023922182072	-0.012226152538357531	-0.02513448859701914	0.01277494083017259	-0.02234275832213882	-0.008265399067456871	-0.0073466276991686905	-0.02185045027864012	-0.018753292553426514
5	0.0035973915295871694	0.13094050467901655	-0.010526026344936839	-0.008508768629976278	0.001978229267659194	-0.03834422225525294	-0.00216255100553384	-0.01920638035799704	-0.04030422234694692	-0.026450852116826996
6	0.008483395135862314	0.12134673911964007	-0.017882494171866305	-0.05571095516845743	0.021550540705825273	0.004298601628663428	-0.017514235023069626	0.008668499920125547	0.019114550921292828	0.002831467331460827
7	-0.0017137700121072188	0.11591136920019568	-0.001972593386007256	0.017802195245151205	-0.009725564601611031	-0.04125197334211908	0.006036083093865089	-0.02353334324479471	-0.03509983470081116	-0.02138611569154992
8	0.007301943498143415	0.14237322688346554	-0.01758869532284597	-0.04201605956076924	0.016197665301847207	-0.02145600276238549	-0.014183704861496638	-0.006844968341390014	-0.015485263649158358	-0.0158420198066658
9	0.0039300408431573895	0.13764147784914432	-0.008257693545111877	4.3178434930384485e-05	-0.005796918387098664	-0.035814761175032316	-0.00029852991923805906	-0.02124870217386427	-0.0367291158990159	-0.018719985463110666
10	0.010430196166763092	0.15465404718175899	-0.021613943943174712	-0.06456369690873529	0.021510817674933926	0.002452127392560537	-0.02084604312900343	0.006561097132681129	0.020944925452305613	0.0044300591755715895
11	0.006955321369957622	0.15309366664719445	-0.015106878377384718	-0.030999649909798293	0.006937601687435155	-0.021933390679794048	-0.011091382339151966	-0.01152996281284415	-0.014353637545140666	-0.010390281271126933
12	0.01015869355524609	0.14741676573496879	-0.017885878521607765	-0.048313898592378585	0.01046722927942107	0.0019345700058456838	-0.00845267516905732	0.004300678491313405	0.011779071819158764	0.005412448369211967
13	0.009235200379480005	0.13825979824087173	-0.019737047475499647	-0.0652268951225645	0.019301732523535474	0.01712642645330455	-0.014839070577402426	0.014195083766774195	0.035898596511686726	0.014233719132734308
14	0.008493418181304266	0.14302568735869917	-0.021745758053968528	-0.06787390784336043	0.022109815618169965	0.012559019719636046	-0.01946069681256803	0.012493602490474938	0.03346755613801881	0.011342994250314629
15	0.014284845871097322	0.07388420601043705	-0.010161769404314961	-0.03782264100136527	-0.0023395710243578893	0.03566571432807081	0.030984447613763098	0.02674563308881504	0.02458109585637926	0.01650380767677608
16	0.014210417375347374	0.1184391911778348	-0.016574106142255927	-0.058848609142625005	0.008749599124898045	0.03265838562454338	-0.0030434974292345893	0.019761595652707173	0.04061638060498165	0.020290247474838704
17	0.010487066455275378	0.1424283400908668	-0.020788229562441085	-0.06571026219347541	0.022030364733524082	0.010978182140714571	-0.020152030246852855	0.011854278813455346	0.03153730083122771	0.010376932376509496
18	0.010227303710658667	0.13914675868551193	-0.021442287454516408	-0.06664878122579143	0.01940599699362044	0.020254226814547048	-0.017578137800652986	0.01505988364801148	0.040774251159568814	0.01754593846100374
19	0.013980403082938377	0.1228254067431489	-0.01687110999019206	-0.05943189848428868	0.009201093751252307	0.03201351492518533	-0.007506792370366658	0.01780969272355845	0.041598747896023934	0.020909397846404172
20	0.011355179683465956	0.14786140947150508	-0.02029375972442853	-0.06416281673600104	0.01781662617375444	0.015447476364939336	-0.02000192996854795	0.010829366056399965	0.0348349880094989	0.015063251757062768
21	0.02214344651258639	0.09915998671522734	-0.010848258849874047	-0.048668676877607335	-0.007710577480170708	0.04562791644774831	-0.010316504106389804	0.008708768969206302	0.036653844116151746	0.020086440606877174
22	0.010146790089129429	0.1571016134260478	-0.019418422936829594	-0.053470746074241744	0.013925325655924444	-0.0006018749920130139	-0.016918922035965653	0.0014065510634296576	0.013235443993733666	0.004331278400239774
23	0.011502586879776733	0.12892800525716855	-0.01241067174989858	-0.03830922518273	0.0006178369357054399	0.018972834541171865	-0.017311308649392364	-0.0003584981576553278	0.02053666363330584	0.015964518283492966
24	-0.07472323771165865	-0.02587873870447143	0.07769417582656647	-0.03045352133182913	0.019395830527669605	0.012900241898165944	-0.004135350958965494	-0.007145865502319472	-0.01789419654526725	0.010308493121232958
25	-0.07677993973157175	-0.02620817153310258	0.06455454147644424	-0.031883865080312886	0.0025671021581342253	-0.005789544982302966	-0.005075571675860048	0.013384463164118406	0.00610690322354477	-0.014196056370324414
26	-0.08193618812898408	-0.026741525647405104	0.07613176580815645	-0.0344723191142185	-0.002943352980203738	-0.011468106262036207	-0.005250162338209048	0.0177931037214432	0.012581544010067877	-0.021099129779178136
27	-0.07973457841503385	-0.021019910216728027	0.09199027942507869	-0.020141083537423585	0.0025712381688256336	-0.012413671857932249	-0.0006941876443936875	0.005626440835145908	0.02513568514693225	-0.016473354142472106
28	-0.07548316482673467	-0.021097399222566402	0.1132780649751168	-0.03252837726390788	0.017670813102834634	-0.0006545718097843337	-0.0024125502130813875	0.008945774796221573	0.00018546288920959594	-0.007117903686581382
29	-0.04225582505858133	-0.01082112863241383	0.08230627419530698	-0.012072613115614856	0.010385900490395323	0.029336738272287156	-0.006946863957721152	-0.01814623894216888	-0.029648513467985572	0.024083212285423174
30	-0.07500679630786553	-0.021499783808254083	0.12569708107443472	-0.038310469495158546	0.028769726716827627	0.013785298843555893	-0.003938787592127401	0.0008753555181590765	-0.031600639312363885	0.01415576022917209
31	-0.09141064676266746	-0.0363631126470522	0.021555701222861365	-0.025787472958575645	0.008115862037236979	0.005813840707252332	-0.0039013157338963897	-0.012873159837465458	-0.00043973843009128107	0.0049556806324914035
32	-0.07946464556255131	-0.022472804806417508	0.11805962228865288	-0.034363216337273954	0.019348819305397058	0.0005614728940464097	-0.0026766696219451287	0.007236987410681276	-0.002704803572010711	-0.00448192959762763
33	-0.07955170855336989	-0.02240450041439	0.12532947210714626	-0.03695032578423921	0.02316992213094577	0.004240825226289088	-0.0030357361155154278	0.006180358536206572	-0.012187556619647667	0.0008805417178847204
34	-0.0804493044342256	-0.02149790917614023	0.11992952655411655	-0.030283834314424503	0.019279441223537145	0.0030558089625753793	-0.0019643470084925	-0.0010846139527029815	-0.006625006749298959	0.0036647998101688502
35	-0.0713591529042949	-0.017563426896393928	0.06307805078189813	0.0018366386166704099	0.00838726934554641	-0.003678385694372478	0.0031976488106907446	-0.01846983746523815	0.02898735990316849	0.0013145887054843853
36	-0.07784323155767453	-0.022437258816430022	0.12712698379560014	-0.03949181461573749	0.027543512788617743	0.011069770198265652	-0.00397193975961633	0.00308138955189172	-0.027696939156948975	0.01069934494337572
37	-0.06418519630667742	-0.016051787906941478	0.11193994038742214	-0.0270356912681382	0.022594046115494353	0.017881088771162554	-0.003437839341995248	-0.007736210829998095	-0.033526148281962	0.021707416180995007
38	-0.07147998977137295	-0.020650043495359184	0.1197454205858965	-0.0374081727360075	0.028187747132486944	0.01420829591549094	-0.003531605795088395	0.0013343455100439119	-0.03519266311303379	0.016071234854241435
39	-0.07897110282413401	-0.025672094938663955	0.0779322663664202	-0.024556380526820295	0.023425631309191296	0.011936785920378827	-0.0013403658972304397	-0.014558017857267997	-0.01210063475241065	0.014494440734975376
40	-0.07681655983180315	-0.022572486754331093	0.12395446549255985	-0.041058424623871596	0.025971943170420137	0.011669775220147427	-0.0045816793281936805	0.004844652725170984	-0.03325032270246393	0.012007969102451402
41	-0.07827607426789075	-0.022632069243465384	0.11424478160898778	-0.03554327997192663	0.021262919837767406	0.010641780246821985	-0.0038264944179516873	-0.0020205641323976613	-0.029087242341679132	0.015376546093164504
42	-0.07315990804458984	-0.021216517812718966	0.12175467414327046	-0.03920565283870887	0.027328113896975998	0.012593836231720218	-0.0038736736573501086	0.003867572160668222	-0.034145229597833816	0.01362249485076168
43	-0.09848312913612976	-0.05114786359367091	-0.08635018507669627	-0.035031993531527326	-0.03987826288870205	-0.012386740080707259	-0.00867525514291254	0.006385796646915268	-0.018458201439933576	0.004763662254817905
44	-0.09112880192770566	-0.04863897406864751	-0.07092400716573793	-0.04219941174885026	-0.04873402378874345	-0.021999908085054896	-0.010561153186718481	0.02057001723040872	-0.02184683412954289	0.002781998451081291
45	-0.08629499564811097	-0.04313678661502682	-0.06732400405926621	-0.03728016080899304	-0.043194892244029705	-0.012742415099964316	-0.006804609320666232	0.016763292584743687	-0.023951138037165677	-0.0013854490125415585
46	-0.1003223876151348	-0.048953603081327436	-0.07420223856172628	-0.036131348133550394	-0.045261833386903344	-0.01622968443608252	-0.009308781427491733	0.012181639739870187	-0.009784663045072394	-0.008778106968120737
47	-0.08693598429913435	-0.040871308633826646	-0.03513135263912131	-0.04175393276288003	-0.038692248621567754	-0.013658300964578929	-0.009524869851716397	0.01971221683143556	-0.026950815264897798	1.3671268485883555e-05
48	-0.0876685664130234	-0.046924554948805534	-0.07268317304262532	-0.03641344791752154	-0.041761645336996625	-0.01825311662030734	-0.009920050282744109	0.015837292343005124	-0.02101306587180484	0.009881106483356484
49	-0.08371230939279763	-0.04296594592406387	-0.056653532913171066	-0.04047372501090126	-0.04717807973781312	-0.02097785412897941	-0.010421771658486722	0.023783120617226663	-0.022273609501504817	0.00037260163997333807
50	-0.10370646075706376	-0.0509776096270593	-0.07249541153445353	-0.04307756908352297	-0.051816928621444956	-0.020569765639053987	-0.012266324167468541	0.019846807432022044	-0.013781917424740107	-0.010403344587027056
51	-0.10371952062928672	-0.05029367048916855	-0.0711499864860156	-0.03171129379728132	-0.03429893430836687	-0.012391988059373055	-0.009561281734621644	0.004497998536642599	-6.0182219593313945e-05	-0.007332837982832483
52	-0.10219568568021964	-0.04826163324078513	-0.05198704049375787	-0.04302660119444354	-0.04704516461166787	-0.019098629136878573	-0.011582078803150701	0.018098849892511565	-0.016714995643379634	-0.0047801194605486905
53	-0.10783502389668809	-0.050313214845749625	-0.0682199225601005	-0.0328782570271114	-0.045156627402646414	-0.019832265333029606	-0.010372297455592944	0.009042531993318148	0.0030622650256588425	-0.01074926099935245
54	-0.0933932256757856	-0.04143756209385477	-0.02845248799691984	-0.03869094249677554	-0.043146589136823565	-0.02361991874152875	-0.011260998078006054	0.02590191632722581	0.006774796454504594	-0.024440063268849985
55	-0.0895442075064295	-0.03679097949867835	-0.0064164715099283625	-0.035446306725323215	-0.039417257110345404	-0.025559893345267225	-0.0098866907982248	0.027226305163790702	0.016197527746376804	-0.030081796066349108
56	-0.08004985421137588	-0.03259568875413374	0.011718871521489605	-0.03877671487580789	-0.030839269720364857	-0.020133089693118836	-0.00977800367683864	0.030236675833157506	0.005014095441457646	-0.026778381392312423
57	-0.07605496647954452	-0.02922899006135914	0.022899268596982072	-0.03045928732973874	-0.017650637784506408	-0.01505532823320895	-0.007356376945828155	0.02209147621644985	0.012039340745146246	-0.02247240625233607
58	-0.08262609078682259	-0.030453199432196525	0.04413978614210234	-0.03784205785741015	-0.017068122026886245	-0.016082703469235984	-0.008098068592206641	0.02524264299531809	0.010218566947060281	-0.026259029599026252
59	-0.00044657776964712026	0.04960988838593408	0.003855936328751958	0.055659504624301186	-0.022625826464159705	-0.019545918614446732	0.02800449876757581	-0.001118896478531051	-0.021128469207408636	0.006606456959411369
60	0.008400023591608479	0.0693623893294559	0.0006222327526559647	0.021810965847153915	-0.023060160070293226	-0.004441002001332179	0.04166279621002453	0.004680217638551089	-0.026987330011451743	-0.00021829586011879305
61	0.0010196277582441725	0.05696158465668098	0.006765256401124538	0.06930331167764629	-0.025638559173431358	-0.0269157981601198	0.021467204771222832	-0.0008344313146190406	-0.026117354704642173	0.005032230290207408
62	0.00039406354892955583	0.11159527254388857	-0.0027127731887372384	0.026679838172248654	-0.013427010072369086	-0.04185915925203669	0.010571942854706662	-0.0198700023696447	-0.042710850346671395	-0.021071893121204714
63	-0.003310195766766341	0.04199141591328173	-0.004790082930260508	0.019240680863774236	-0.013412229887899604	-0.00610308869504641	0.007261012245390001	-0.01046540382453376	-0.01585558757975244	0.01685676132123667
64	0.002700884130647857	0.11832579220987641	-0.0008832852895797529	0.02933110826212442	-0.020059033334876665	-0.03367155755363241	0.007705530683607147	-0.02189527775877716	-0.03723126256103289	-0.009996759987555394
65	0.0003401812525868705	0.08744525880407812	0.008239335369308102	0.06686162636458011	-0.03310018597485211	-0.030622394933652618	0.008945444107263638	-0.01901183973574074	-0.03132188161246826	-0.0005023618177342915
66	-0.0003135215507113636	0.08961741336818824	0.009838014269567501	0.05952801984315429	-0.03306018817114389	-0.022987955854139295	0.005218117673017851	-0.02410792763555009	-0.02513815739756486	0.0038458580744102585
67	-0.003985098925686831	0.061542846476732554	0.016938422778733912	0.09118285099068103	-0.04006494528455319	-0.025022980719254306	0.009423402605245488	-0.019474872682912803	-0.019086483917922042	0.007316609887576951
68	-0.004784567813884754	0.05581805985092383	0.01524574104564017	0.09472460241384902	-0.034830642650110925	-0.029104016258791866	0.009119526413688399	-0.00989165906227215	-0.012780913394136678	0.00636347846902247
69	-0.018703381634564212	0.043461235180476426	0.02393234794003061	0.09418310171821763	-0.031834512356303614	-0.034183302680911555	0.013164193962744703	-0.016897034503263356	0.01169728174662918	0.0009843633615393573
70	-0.006133715459208773	0.048493903694315346	0.01984149067232607	0.08424326537507766	-0.03873069798399203	-0.01131185911849682	0.006183786615838014	-0.02589189535134387	-0.009967558666104272	0.013728984658295444
71	-0.019514998787648303	0.05957391799617934	0.02567295786764689	0.07674513323834076	-0.03045727001286708	-0.03626033434504893	0.012743914179398477	-0.02865604934428603	0.0036808213485083822	-0.0047007309370656145
72	-0.08117921999944208	-0.026013561122264866	-0.024357707065108834	0.020521361696003146	-0.016318959194724227	-0.015666114654502874	0.001739743692805562	-0.013383703393860996	0.04690464500609714	-0.008005421941374248
73	-0.08415395166754548	-0.026803003382117364	0.03353713259986548	-0.01745870087963283	-0.02509464959747763	-0.025578378535261518	-0.003624865716514932	0.014848980364301706	0.03915649931866831	-0.030645315986395513
74	-0.05163372176714713	0.0037850916008331037	0.027613554413917378	0.060213974326958554	-0.016039288271434596	-0.027055663668178596	0.009660601081170627	-0.015006026073072266	0.05932688724213852	-0.007747598106784365
75	-0.0677567169195099	-0.008130747645977324	0.05933386133829701	0.021983167960281876	-0.011389616193122974	-0.025217726386344206	0.005699715980879708	-0.0067795007615015735	0.05447192297586482	-0.018146581918380412
76	-0.06032385398604159	-0.0005928356023199143	0.06554105708809128	0.03458344815523412	-0.010177123684586495	-0.025939154645268938	0.007719813527021169	-0.01012226963430815	0.054020030881428406	-0.015874963676103724
77	-0.07516247931010143	-0.012461977944815898	0.07511524452984336	0.004357950108411087	-0.002418084631180399	-0.012549355195725372	0.003370167495392704	-0.016214577670850744	0.028688651312911758	-0.003780762598088374
78	-0.011394309080032012	0.02260077435098008	0.030299706659764794	0.05343857252630363	-0.02848696492681562	0.016902911986224494	-0.0013034172423341673	-0.03186895738009918	-0.006410123446624402	0.022200078674889885
79	-0.0499563943799744	0.006781004920263273	0.04465815908865001	0.04280448106787136	-0.012717674911788483	-0.009374414024157717	0.0073664788020472195	-0.034018280639206755	0.025330678556498332	0.009408620991809991
80	-0.05931347546973707	-0.010275381418365627	0.08762265423291643	-0.005411283051359211	0.012268912707094829	0.014311286614384416	-0.0004802093769692936	-0.022254242736286192	-0.015460979466893003	0.021995851632636846
81	-0.025485094639202767	-0.002018223421050752	0.00483872102440572	0.02728530470648457	0.017610135806908487	-0.0010057216975365795	0.00419600060611654	-0.008766169943512474	0.01561121043891891	0.014660960480427464
82	-0.016296792831849212	0.019810630197859662	0.017802243680169607	0.07493779603949711	-0.016421780593541227	-0.011347472150040824	0.007078437825793998	-0.016612504518527516	0.019991775004205143	0.013450861477615412
83	-0.04219415136543145	0.004453034756973545	0.027574579688672784	0.05078194526416892	-0.001953501697515594	-0.011141783719978047	0.009777615461358297	-0.027837086972345514	0.0404445126022791	0.004602607253271127
84	-0.0154713880822748	0.008516535362628006	0.001349819957049166	0.06753505050901677	-0.0035244213641340985	-0.013697483038595915	0.00584884598205135	0.005832021348502206	0.02203708188904271	0.015272898638787486
85	-0.10139526272759562	-0.04801013091140792	-0.06934832883466151	-0.026592271381763892	-0.03504477532590966	-0.012028951217369787	-0.008142459772308933	7.631373495857193e-05	-0.005200865387406512	0.004702646332665434
86	-0.04331416124333791	-0.030185469634107006	-0.0557871848033744	0.014319786901839732	0.02983042787829178	0.01056556706581579	0.001201301437842612	-0.017676047277007702	0.003756937779741902	0.03039059594289
87	-0.061783736758532146	-0.02240190924854456	-0.047544983620864706	0.039335488375966475	0.011945395428034666	0.0071567048933815205	0.002380066479993843	-0.02264476859493807	0.025587654617385932	0.01533729652763073
88	-0.0834796381983248	-0.04458081664678253	-0.08593097553909611	-0.002337815099520649	0.009422877593915855	0.012869870115743755	0.0006877814051533287	-0.025390865311311454	0.0013485393759446833	0.00978960130557788
89	-0.09441540346232632	-0.04763013255471768	-0.08384920032066134	-0.026305640239409657	-0.03133343028289521	-0.0065052926840272335	-0.005317069598487211	-0.0014344518383550388	-0.013891470746759733	0.004703515380294062
90	-0.05265382926181293	-0.033934168357645934	-0.06920940647014534	0.022442137366718594	0.05543325298035893	0.030914343438365882	0.004670074061593948	-0.03476314159585432	0.005251462732063596	0.008789731152330872
91	-0.08561674794130311	-0.04489881882995821	-0.08423712726627387	-0.0015858629216433647	0.012923069840162307	0.015323371631145208	0.0007407933658073179	-0.02802868961745295	0.002564558041484489	0.006549693983075072
92	-0.09709421956429837	-0.0496828427429029	-0.08706419393449266	-0.011588457237602727	-0.00341421278480282	0.006276750568682633	-0.003700513161969057	-0.020700339003632558	0.000831695749197962	0.008247560724083565
93	-0.060830521288090245	-0.03083589489739797	-0.06152890151517058	0.028079654790355284	0.029031744004803912	0.014359733834346071	0.0028934201576366596	-0.024515695119625064	0.017094873689665988	0.016577188356060917
94	-0.01827004852704039	-0.012561073949577884	0.0024245362793135026	0.009892385157595171	0.0038768264588677015	0.03874709870717191	-0.009786338184062928	-0.027702628656137814	-0.013061817544086257	0.015187177475652174
95	-0.007828260258812492	0.00598783288133374	0.03372965028398117	0.018947254465915636	-0.020610738017976613	0.040322201148496974	-0.011471918702577171	-0.029049136286088382	-0.01623585767390532	0.02376746250380055
96	-0.01146257648754409	0.01572890263325442	0.03616943374309523	0.0240716119431501	-0.022753620252615323	0.034375087566275546	-0.008399109548607269	-0.030210337992363986	-0.01272567218741537	0.026101412748049734
97	-0.08560161661551957	-0.040783709168987284	-0.04858980758630308	-0.005802002475297244	0.013137355590944862	0.014228461833038495	-0.00017756428448543725	-0.031134382961073747	0.004499596689312606	0.010019025696770103
98	-0.06131672607310609	-0.03388342523941131	-0.04968981777603496	0.01409510848675258	0.045814714511379716	0.02604372019606523	0.0029440379226924524	-0.037949090139967834	0.009097837935077497	0.01213983641523673
99	-0.06223021315119648	-0.029674117177117435	-0.01668330066086112	0.0018760336051593103	0.03152275441105203	0.015919182978762825	0.0013418414172007675	-0.026265272758799377	0.009799478714229664	0.009684118131797845
100	0.015182681105468963	-0.013515978089371144	-0.011773024015499541	0.036703931364406896	0.036953714792672	0.009017766322809567	-0.013077841653520226	0.018166907224480083	-0.003568024736902587	0.009950462317825759
101	0.008456470904225988	-0.02443122138996834	-0.024779201539025884	0.017472999199819386	0.057850870905725424	0.01851377612778966	-0.003769127795428119	-0.017659836493579367	-0.0028603550447247727	-0.0057642988371715016
102	0.04017518797888769	-0.021406329978255926	-0.0002490068765076352	0.01513109569097091	0.015058578281113276	0.004665578792873329	-0.019103308913249333	0.0017693730646428664	-0.002877175063060006	0.004961738610181262
103	0.016659519690884955	-0.029609854123968046	-0.03091391924388578	0.010640318545620893	0.06969721561296505	0.014448220041274695	0.011161309685083625	-0.021145752753541126	-0.010486118939455186	-0.019052287252019046
104	-0.008565273715048954	-0.02636415158274243	-0.0438085335842068	0.025303152630254882	0.07347440750093086	0.02336613645348599	0.005585463007788244	-0.019312994826655126	-0.0053053867763493195	0.0013715485438302046
105	-0.052108170224546876	-0.03575168918860057	-0.07114648468050493	0.019337763133220717	0.05440502854304652	0.02872402828979385	0.0034836015651291945	-0.034143676535407654	0.0030076330311998296	0.013513101804286809
106	0.029097084762077507	-0.014895945117423044	-0.0021147473504940055	0.013686594111633426	0.02053918973397769	0.002241897270335241	0.010196288278403194	0.014069903345495573	-0.0021381338265684282	-0.016061091020925972
107	-0.025868975645319495	-0.029007126919751724	-0.051303713162832165	0.021414108189781417	0.06824839232612706	0.03334910106464309	0.005059120318983674	-0.033306392823071455	-0.001784212409859967	-0.0036053296960721682
108	0.05252868462894423	-0.02540216496154835	0.001902512997860704	-0.010870388865362752	0.005209255090621561	0.004244882445636939	0.03718734686618388	0.0010662786047720824	-9.782645755389249e-05	-0.03512751490351555
109	0.056811430622011834	-0.030726680007587364	-0.0009986553048414262	-0.011024453187819425	0.020358143879834378	-0.0169250261240928	0.03197745532007717	0.0018094753330578355	-0.000306975971537895	-0.01410782081232657
110	0.06560624574155301	-0.031940686654711926	0.0042524121030437945	-0.015191703492807707	0.00027085491316763234	-0.0033746244939315906	0.027694839246226226	-0.0032306886882664545	0.0043847904737717765	-0.03568198542354451
111	0.08270910458705114	-0.03998916408631266	0.005339447331149155	-0.027816941551924733	-0.010167145445100327	-0.0035798768700877255	0.046018285455196234	-0.008035305494476428	0.0074196190968704966	-0.030830524870201773
112	0.10808357270829917	-0.05547350920715856	0.007961088646577533	-0.030743261523524874	-0.009336063091316528	-0.02563115056945139	-0.001058654181477718	-0.0233786524603949	0.010638037851433127	-0.016404940522325048
113	0.05809196731155667	-0.030058715927448444	0.00013941774499890257	-0.020164477895153486	0.003830916921043128	-0.029043759065698362	0.05108849885817338	0.012084829297063972	0.0003953849868607617	0.03102346727887862
114	0.04526279076922836	-0.018648521225728347	0.0016789495063156406	-0.01689399993869157	-0.0047634852392291725	-0.004738001338167802	0.07977544856547346	0.02403959296153093	0.00020531677903776045	0.012794510498711572
115	0.03838203605113162	-0.010631634221647578	0.002293783591715034	-0.01303045734143944	-0.012540285666387874	0.011762990753769277	0.0931759916186796	0.031017369802064383	-0.0013435713571599765	0.006725261426225391
116	0.08542612489581333	-0.04593651002076833	0.002896129807224933	-0.02279614686440495	0.006712025859505428	-0.0471171271581686	0.006268248600961082	-0.00434022640681169	0.003711946453247902	0.031560725096742015
117	0.025180886513255465	0.007909023641415387	0.0028880380670056873	0.005971101887278908	-0.02036475757504887	0.016219782730682843	0.0791034316008748	0.029645778906856168	-0.011329891393085342	0.009871427901796155
118	0.06684615043379599	-0.03465586075965063	0.0007186040589026474	-0.02541772005903477	0.001500523452415404	-0.02429598165697183	0.061076559412025916	0.009973133784948882	0.0024987711150022815	0.012501846554214904
119	-0.04377941050893759	-0.036579258537866394	-0.05710569009905437	-0.02043681120770693	-0.009379979095601215	-0.008535252846718973	0.009343495162874242	0.0024733308476455663	-0.01582080005821682	0.01999412442386937
120	-0.010425513788935026	0.043960261087753284	0.006647104946921226	0.08243915746394334	-0.024852734812155594	-0.026511816648180437	0.017469392451557743	-0.010261267768698694	-0.005378408471815498	0.00883498613868416
121	0.007798873947817724	0.04214244743828789	0.01247285788455848	0.08381331048185761	-0.03597808449898549	-0.012708869814224396	0.0027612188787465492	0.0017066906904972085	-0.022754239264803678	0.015135235865042784
122	-0.013135323569264423	0.002601852045671481	-0.010061615438459967	0.07456447287523967	0.011657396486205084	-0.0014071092730494695	-0.0009704257860988563	0.012654515484022109	0.017964229276193674	0.0184818386108795
123	0.017283887558472565	0.016522001189779124	0.010730957089834682	0.07603276731155177	-0.026069652221000907	-0.001634691541689291	-0.011403587719709764	0.018187446414144423	-0.013161351012049094	0.02271316270415607
124	-0.022247113464026476	0.02532930122865515	0.01917264209136857	0.09422712562724388	-0.02275469628308429	-0.027290266514503343	0.010759997010459793	-0.009323119007745465	0.031362656088520874	0.005854138085075725
125	-0.011158698352822207	0.034578264399922044	0.01494077888548417	0.09705250286187606	-0.028442163526432546	-0.021896489888200702	0.007119966401408521	-0.00527708864909927	0.007016786977625724	0.01206358387378599
126	-0.012714320176344576	0.0013703107949497287	0.007238525339537981	0.050532422566389124	0.00823018453459103	0.005332639166087258	0.0014524601212267578	-0.01415458631909625	0.014869498259168222	0.018216395265536648
127	0.01756168372398004	-0.004745647399911738	-0.0033593364546168018	0.04743483422994294	0.015298572144955967	-0.008502608622386944	-0.0035797698086447787	0.025326592364215573	-0.003952653622689858	0.030202293342516704
128	-0.0059268687366351835	-0.003990070700056117	-0.014814652433514111	0.05986191817672779	0.026046579580791453	0.00771312595276083	-0.002574610694903105	0.0094894321621223	0.008439282927719746	0.018505081411945557
129	-0.017168647327932753	0.010551973410222014	-0.0006170682021332259	0.0759410086398765	-0.0038999081406606694	-0.013107541743433013	0.006854549165074776	0.00680463037123898	0.021516649135049973	0.015490394890586104
130	0.025562345764758708	-0.006327075986014046	0.0007454133437038376	0.04548576100383312	0.006664534974785595	-0.009167318880432394	-0.010136929175927725	0.026320643345241115	-0.005556073707648995	0.03383677083254723
131	0.01380608192165031	0.003966223616631932	0.002110565177094541	0.05691738454283836	0.0003253146352817953	-0.008632474505709703	-0.003972227117561972	0.022348235730332653	-0.004213540427189771	0.029788705197581467
132	-0.025742301700500434	-0.016845646755101484	-0.03363686832655842	0.02603504665890079	0.03292701302691779	0.02190023376584809	0.004320828578512874	-0.020494226322681424	0.0070573171487421016	0.00443255223794384
133	0.05312242592877774	-0.018364127268676034	0.006791030353384975	0.022251538407201774	-0.013169654019328311	-0.0039641878996623985	-0.016810154080968302	0.020973973251623357	-0.008367395418394102	0.022480864011883733
134	0.03468447534526427	-0.005115102543081638	0.005927117377223758	0.04252026207135453	-0.012207237807081467	-0.0034026265444815603	-0.011112778881061868	0.02687502111121435	-0.010286256650593349	0.027856660749504457
135	0.07895578626814265	-0.03651727820150536	0.00781259990940936	0.0052204955089054225	-0.01252904286185313	-0.007858251197328482	-0.03481879237214228	0.008367254150413119	-0.0022505578995761825	0.018420814036829335
136	0.03468996863251003	-0.012647864033272962	0.0021605874295671777	0.04348627201801648	0.007097871416006383	-0.0021310149687854226	-0.02737571657667029	0.03827189314332283	-0.005501582936763237	0.022355744698195547
137	0.005900826932481589	0.01969969267837184	0.010393291038606745	0.08711215142478197	-0.01839012839003115	-0.00919455413863593	-0.00653697017835279	0.021387451241545074	-0.0031162815240555275	0.01890367871120962
138	0.0501255073224466	-0.01703629360117434	0.007666865268085066	0.02269606427021072	-0.01765614766170384	0.011323338669955729	-0.02367668341788236	0.010125977174771391	-0.004745324210584964	0.019732676695747634
139	0.06377594453922658	-0.03228413436898677	0.0021609763368894124	0.006843436637440848	0.013405076950163951	-0.026132866716938815	-0.017381019563491966	0.013660930127082941	-0.0025159319758044584	0.02672817125157393
140	0.07234346747189808	-0.03880045268838999	0.0021009549362090768	-0.0037255852250865436	0.01662750667230061	-0.023410213130410258	-0.021981058399247442	0.0011268174367891754	0.00042704550307087025	0.003477457203456478
141	0.05884891322866125	-0.034910758551167605	-0.0035674167282739207	-0.0008237407430826256	0.032051496243995996	-0.0162027019160727	-0.015584770148970147	-0.0044354476429920055	-0.0017257416159300967	-0.004726827120371311
142	0.06242737456227	-0.03745147866981835	-0.005218492674797342	0.005437002596669669	0.04107465117888502	-0.026375514771791037	-0.022013583463985	0.01319601159694735	-0.004339364038991417	0.010277105368043252
143	0.05357777751583809	0.00152816236010463	0.011821829185755271	-0.0011318225163633685	-0.0609120807971031	0.07542632738094768	-0.029209963163937935	-0.022721243188600714	0.000495567058033288	0.00615599570294649
144	0.019685831103088473	0.032622157797474335	0.014428073851555433	0.037732818072698376	-0.04901434110269732	0.042916945836013076	-0.018318152258985622	-0.02465923028247521	-0.012779975195386964	0.016335544777817693
145	0.034797268267910096	0.004622563331591322	0.01725919641034823	0.03172406687781885	-0.05472500529936044	0.05660068618478306	-0.024020957311414674	-0.02051817748174367	-0.013011588066066126	0.013303146380113002
146	0.07170994121300768	-0.024210863916957405	0.012423834960703498	-0.008039542933417512	-0.05612192721679522	0.06298002081838068	-0.028697425529538908	-0.027093569525499118	-0.00031042533929099013	-0.010968944481074445
147	0.04052389805794528	-0.014609382643714195	0.0052602425927855065	0.0067715739652789275	-0.021084572502457186	0.05293033597041982	-0.02808510220836686	-0.015638386464760023	-0.007578377208061319	-0.014698346948448343
148	0.10968250848665753	-0.05432625390077001	0.00962558835505535	-0.026448785403462897	-0.02393544602073559	-0.016446856651316493	-0.021197465889080475	-0.021105833940861664	0.0075884680167479825	0.010374590712937828
149	0.08567970350801675	-0.034037133529016377	0.011875983879774999	-0.0035857684714177733	-0.042360177558931345	0.020528712708015158	-0.026699199541679756	-0.011011249649441791	-5.2233787814738284e-05	0.010291647451607764
150	0.0925922722578838	-0.042891911002307215	0.009655849959936081	-0.014974096874643843	-0.024029537591998787	0.0033880911077712617	-0.023110047947031604	-0.01673463778332663	0.004698007472429163	-0.004392877289641669
151	0.10851816611776036	-0.05590890113124064	0.007824166077339463	-0.02580861329659493	-0.007396548815920068	-0.031170763926852158	-0.016302644960411374	-0.01875216632959723	0.008537125745875625	0.0034697144993094653
152	0.07850198224627909	-0.03663554888881215	0.007876327430870564	-0.003725826288136296	-0.014180798564579818	-0.00597821193168988	-0.0230490717837739	-0.005160634780017342	0.0012475582923333524	0.013175567883316386
153	0.09537064963107417	-0.03831537740003606	0.012092131624944187	-0.02267986383884143	-0.05074576262685766	0.03926385918487019	-0.012408989569000882	-0.0258709947857236	0.00830249380187669	-0.01689331814553442
154	0.10223684905647747	-0.04369071025429567	0.012666735486979953	-0.024822020071448393	-0.05066477967328618	0.030303756516714343	-0.0185288142265443	-0.03059493823670931	0.007839463407942409	-0.008348491911049742
155	0.10332614936284808	-0.04563009519061275	0.012742225112332644	-0.022588714330233906	-0.04730053959694639	0.026065128021840005	-0.02607907257933561	-0.029808124569122196	0.006532412469414038	-0.007741066615264844
156	0.07765717332191872	-0.030682638864965448	0.013167868683917996	-0.008252505797354315	-0.05081415657676169	0.054586622859306905	-0.032452807715145145	-0.026006816135407864	-0.0010384703779975745	-0.013397228770702275
157	0.053973330576531496	-0.03295536021664462	0.00333923426250545	-0.008926953038101666	0.008266871095708263	0.012066850997209501	-0.01607170769923151	-0.02184418121949626	-0.004276136652090895	-0.01804175454967883
158	0.06988987802333298	-0.020252623983921265	0.014017850441449459	0.0012510346346401254	-0.0627301410694455	0.06550353009769638	-0.03616884405042076	-0.022720008032596883	-0.0034230846615848787	0.0008440027719660059
159	0.08106110133578172	-0.029747054428846082	0.014199331139793932	-0.009820735661693548	-0.05855723491303879	0.052492681561427175	-0.028505517141865947	-0.026624075552558017	0.0002992340575963987	0.0010230961092935595
160	0.10368004623928503	-0.050526987850311934	0.008338235670123886	-0.03291606504175492	-0.018373524156321243	-0.00883369657747402	0.01767393695293878	-0.02145645881446371	0.011720991485086249	-0.028853429670745428
161	0.08174581105562063	-0.040233091046046866	0.00483431864435927	-0.025201570550466214	-0.004993482544072702	-0.0015902477073619931	0.03382040950383839	-0.01325992933878858	0.0072403099845476495	-0.042921399921086165
162	0.11319906803247239	-0.05972391325101626	0.006439215664013135	-0.03429398291199313	-0.0020950374155367228	-0.02833167524876268	1.4088877470186558e-05	-0.026427036136828914	0.010603437259583804	-0.025287561220610568
163	0.1006364118533855	-0.05399137070672201	0.004200555069716716	-0.02938184887083665	0.007143997362650658	-0.023100457661686474	0.005343199646015759	-0.02393352591342318	0.008135395353346944	-0.0366436650848587
164	0.1080134294963692	-0.054679124023941005	0.008824605373962504	-0.027714887333538392	-0.013402832944694817	-0.018695455816241147	-0.011817210945857253	-0.023949874708992933	0.009472377122488447	-0.014206470647415495
165	0.05975821909144451	-0.039454756358591525	-0.009289300475110028	-0.006507961343876952	0.04573603482416771	-0.004906089527054501	0.001112954951520233	-0.018964994637886225	-0.00375254569767725	-0.03794516454575198
166	0.10295752618459392	-0.05580591030672489	0.004090901180453807	-0.03557865588110589	0.0012023653005962458	-0.05008397837123561	0.017220808653102437	-0.012990179185775925	0.008719648497864347	0.017902547232871505
167	0.10773738019292053	-0.05917838890897626	0.004029635752452267	-0.03566343955390299	0.003945279017246665	-0.05536662196486675	0.0038023751114945187	-0.016008128249495757	0.0086279446837109	0.020080026886751902
168	0.1151691290090328	-0.059872919096279634	0.007825915479120864	-0.03228696417995255	-0.010457944630648761	-0.039247713207951396	-0.010346385286763172	-0.017632357546349845	0.009558787126467353	0.011534291299042236
169	0.10541488187159709	-0.056621858038282305	0.004571668735232959	-0.03465016114703274	-0.0085384669678268	-0.041714780771831994	-0.0012507479372467177	-0.018802686524881932	0.007791761709601004	0.023429878799369298
170	0.08965091423960425	-0.04889693182386229	0.002533146030268879	-0.02100989801030002	0.0027334550374410894	-0.04720688031680305	-0.009823070062923465	-0.004623268343173618	0.002154157637018867	0.04179067139536786
171	0.08160207839882985	-0.04751474028009281	-0.0010980683957041598	-0.026754976920903603	0.0081826894663655	-0.05309325484556144	0.0033523513949034385	-0.007514367243428438	0.002179513370954003	0.046085363280164965
172	0.07463689716812766	-0.03553064983829882	0.004319394663373329	-0.0169820902823989	-0.01993158573864061	-0.010573529901442152	-0.008865808006233596	-0.012556385140127557	0.0009079968617046885	0.03273773219653948
173	0.09566389459204437	-0.051447349289065275	0.0038155513545894836	-0.02289727207227144	-0.0003570350286217933	-0.041592976451594335	-0.014905839615271572	-0.010860941975582183	0.003920308953244861	0.03472564860318924
174	0.11381378054720341	-0.06258469147723394	0.004161861849336394	-0.032393360289982125	0.012146735924861193	-0.04867611382705949	-0.009052032839679126	-0.019982395363643754	0.008820172861238054	-0.005367098342163884
175	0.11418731021537977	-0.06156410079903478	0.005637447718886029	-0.034549910862600536	0.001880206528706907	-0.04998185784267586	-0.005840489725762022	-0.021408421340588995	0.010225472033374842	0.009351538073621364
176	0.09496550126662724	-0.05351387718230221	0.0013358816965772533	-0.022492703989575754	0.02083331840920931	-0.041893521711031514	-0.011770262476910634	-0.01756305266846815	0.00564587972447625	0.0008128083146093245
177	0.11250681494872043	-0.06100587106490275	0.005190647424114291	-0.030998900408580332	0.006491770788751815	-0.05245158071502597	-0.01121327467601316	-0.016907258961902493	0.008635323546322621	0.013193669755235192
178	0.09598873119518214	-0.053815156996584186	0.0018127927651778743	-0.02213593485324307	0.019457484924861386	-0.05150087849851604	-0.012645460484961187	-0.012266911140387901	0.005079757180484411	0.019769424210035344
179	0.025898279811913644	-0.03010327509753413	-0.019218350152152914	0.006881386430741554	0.0540216728249971	-0.010036819553039148	-0.0006736781374305428	-0.013887293025538682	-0.0017074748373787218	0.019482256063722624
180	0.08545854206164852	-0.042005239795799884	0.006930864047917681	-0.005996903786168888	-0.007517558474462893	-0.020387462701976587	-0.026811246783195207	-0.003378477271108883	0.0012380789238509843	0.023638304664836123
181	0.0549434195598765	-0.028234942408991208	0.0010320363963096852	0.008654716844496693	0.010556403098617433	-0.028609515592222138	-0.014279960649395566	0.007430253608108611	-0.0021125667940562805	0.043465508799134016
182	0.08206120448346244	-0.0495434078955339	-0.004676080488366072	-0.01912807799999051	0.03620651489439778	-0.04413384053929204	0.0039434635949601796	-0.01071745224452811	0.0012855497031317713	0.006953948027005782
183	0.0672217802472495	-0.034965114139682923	0.0017988506932187381	-0.008736404236954633	0.01302290199946698	-0.027283027709110154	0.010179912190827228	0.001531069136943609	0.001258099086346999	0.008827659572707012
184	0.08062154133274761	-0.04668233508456261	-0.001765152126874524	-0.015432729372155745	0.026550780281115825	-0.0510157687083632	-0.00418776567195427	-0.003141958466804318	0.0016486694810525198	0.033005491881826166
185	0.05426238863570795	-0.037133465808573705	-0.010486804822459707	-0.004239433942397382	0.039052470966633106	-0.03625100726753631	0.0005214174024295715	-0.0030268687606464055	-0.0026232777749938757	0.03542024140868172
186	0.0353407568273061	-0.029279220143650076	-0.014748191291696482	0.007643932461333261	0.04114568770135546	-0.024335023346549505	-0.00047487938292962756	-0.0017346741381879386	-0.002722311016294823	0.039725392667186256
187	0.03476171926035886	0.01848999717290649	0.011063453716085147	0.029986258925768273	-0.05048051881734098	0.034017533212585	0.002335281967544045	-0.007641959003255137	-0.016901479677133478	0.01391318233733491
188	0.028567503689280776	0.0405751557125088	-0.00283265391165758	-0.02872573410011607	-0.023760346058931674	0.05502842337479128	0.04001271748520009	0.022264580582358938	0.023242124377211203	0.013981999484488866
189	0.059918437831102137	-0.005334924081896778	0.008018292452382147	-0.017279705048584927	-0.05081291890442812	0.06349313449371305	0.01979293502659611	-0.0032658998996744066	0.01032600164863201	-0.003454370533578069
190	0.056921492555564376	0.00048714811800167524	0.008644489105698365	-0.014423179795464609	-0.05702954370316723	0.07317556331849133	0.008488705482010998	-0.005956728820610036	0.009407866513920093	0.004457369333981049
191	0.05921761675462089	-0.017827606381573585	0.005288510057461016	-0.020685314443110395	-0.0284950204823528	0.026311877423190546	0.07780803828565665	0.01810007220079997	0.005284010522403498	-0.003236974618109067
192	0.03162634128706563	0.015439592391114329	0.0028622539857931875	-0.005861869153453083	-0.03255760207360436	0.04225332352062506	0.07621681363269846	0.02697460203480176	-0.002240874036811385	0.006895758980855249
193	0.02575909159113248	0.02751552777183012	-0.0010038878722560085	-0.01827890191778214	-0.022376162107865395	0.04415652546598199	0.06957560481911998	0.03001840480310525	0.009125802924511414	0.010044329230799077
194	-0.014064857071027663	-0.03527124606857733	-0.041204106218950404	-0.017392276080256414	0.003155499012011156	-0.019717299183240413	0.008385411114030543	0.00010657936361259293	-0.012087092343368577	0.03895884581528432
195	0.05453613218659779	-0.043072431855394805	-0.011988282938615143	-0.029000466150440298	-0.005809557974370757	-0.04180471275016025	0.011370855782700855	0.00037417394534169256	-0.0039093405504068935	0.040960445402126906
196	0.059388464965756484	-0.040344581816189565	-0.007332100407983964	-0.02241621929868704	0.007645826299783405	-0.049524487446650306	0.005665966074067287	0.0013984467248300595	-0.0034780602498641223	0.05391504439675993
197	0.04173830938425013	-0.03085144741115892	-0.009357522167077744	-0.01388528030898361	0.00939502657338267	-0.039394664255915104	0.004661685121788	0.0062223829163287345	-0.006703795744400893	0.05607116969498248
198	0.005436987045027193	-0.013445422915278537	-0.01564578413594326	0.010633750116814097	0.009074358940601388	-0.015723721995993114	0.0014043923453709735	0.010126860200883317	-0.00792698210431245	0.048819851349308996
199	0.01133955344335721	-0.024088500851583067	-0.01977696652370665	-0.008510089223581305	0.0043768656297855976	-0.024472128153485203	0.0017995238214182623	0.01065907744311229	-0.011890749173957292	0.05246456502149595
200	0.004940373692777146	0.13099553357572033	-0.010529516523352567	-0.006557948132825738	-0.0019088008138495704	-0.03317742986960122	0.005255691539581283	-0.01451957121147818	-0.03816386949233202	-0.02087907957921101
201	0.005669717827333424	0.13912503608154403	-0.013791478785697985	-0.02170271412156762	0.006743554364911676	-0.03359865893507724	-0.0049730069962188915	-0.014601139017776217	-0.03501767909218165	-0.023769093579030932
202	0.008961944452702517	0.15672828355127313	-0.020012155932297694	-0.05169035549972675	0.017166812604133115	-0.013463474668750468	-0.015873870832869025	-0.0025576867289252114	-0.0028773464406561325	-0.007742831269674784
203	0.007734400701104179	0.13711913574449797	-0.01833591568139164	-0.04892349923192234	0.019613804729692305	-0.013775854295354785	-0.016221677446023857	-0.0015768937007839844	-0.004559804314605071	-0.01055383320984805
204	0.003580862163351853	0.1224022729667445	-0.011125975132646302	-0.011379619217767319	0.0048239889534433585	-0.03565031701121957	-0.002536345127338999	-0.016132313062412456	-0.038391166042155415	-0.026435650903329763
205	0.0023738653229700927	0.09338068365118106	-0.008701584579103578	-0.024005480228436852	0.013029023382689348	-0.020426882797731433	-0.007493867817680177	-0.006377384448218499	-0.022152458991004084	-0.01853037674239293
206	0.00956311014333711	0.1382291495904004	-0.0201239473877997	-0.0621257205523687	0.022648190973125582	0.004679024654632246	-0.02006423591806774	0.008784721327470883	0.02258555605293237	0.0044848711182663295
207	0.0043862317724299915	0.1299560424419369	-0.013170703082756023	-0.020542578249565444	0.008287297022629989	-0.032877280177804974	-0.006807637448478884	-0.015236421482958553	-0.0335798371395134	-0.02461303868552995
208	0.005889374271637518	0.12680968321027253	-0.015722915560883996	-0.04219261736195452	0.017699302670089557	-0.01722252155660266	-0.01447121880306719	-0.0037402273353199437	-0.010584916570756686	-0.014242561924062064
209	0.004828514240231852	0.14256962314750746	-0.011283876014775663	-0.011921890138767901	0.0001634361940485201	-0.034695678291894565	-0.0032092594154571777	-0.018922310928690334	-0.03486494264937316	-0.021084756836095838
210	0.010292825642852266	0.15438455819798874	-0.021546461838130807	-0.06440734427091521	0.021611847526324775	0.0020145412407771533	-0.020704686765845616	0.006421686454730142	0.02027942209625201	0.003916632762982286
211	0.007118184027414714	0.15422821648933957	-0.0164148779318221	-0.034964212117225	0.010021454612170739	-0.02438744436258779	-0.012352205053730256	-0.011608078634878212	-0.01812040261908343	-0.01463439650807518
212	0.00903053729249323	0.14917399906680873	-0.016873072750245785	-0.04028747443164214	0.008147027795062328	-0.008348035104128185	-0.0069083939433338785	-0.0018390853737006543	-0.0019608965846772846	-0.002140607809861544
213	0.017382035936154158	0.05869131202414701	-0.0049353442553807594	-0.018731716487968324	-0.016443241471516157	0.032191613326471795	0.05606103072850606	0.02537200018428344	0.0025915863590735473	0.009186441113716503
214	0.011014332635170055	0.15416243054873574	-0.021804466358849806	-0.06711768612495796	0.02094319842667619	0.008986341844756556	-0.019526117814426466	0.010278375915189033	0.029124094948082317	0.009717239030200747
215	0.011639030980460877	0.1446412400538625	-0.02001075953481073	-0.06280972823044466	0.0158375846966552	0.016901282914979054	-0.012414047142422068	0.013614849478540341	0.033347340824322655	0.014859126463542309
216	0.012596636200503148	0.11812135285352374	-0.01591811999573625	-0.05117292773569097	0.006234834291996512	0.025638645666773773	0.006234008380157909	0.018528996497537528	0.0282580810477962	0.016032837296144926
217	0.011234699778203364	0.1452523700439767	-0.020780149484780252	-0.06696240385282066	0.019794671266932025	0.017041387453669468	-0.018645720166022152	0.01401674924416661	0.03815942561361937	0.015691887878579572
218	0.011890630759577175	0.1357054868307788	-0.01862564214349404	-0.06029348190879804	0.013527164174433183	0.021558270088105118	-0.011799725427169559	0.014406726321311444	0.03622270767392878	0.017075515044887923
219	0.01588547259709405	0.10684170255166536	-0.010547458456165441	-0.04335565978801254	-0.004574904970215046	0.03973154532252255	-0.011650811331777013	0.007273936039744527	0.03287355254023184	0.02176251041729482
220	0.011302058234120588	0.146503785225188	-0.020054189367977877	-0.0639656571619342	0.017496995725354656	0.016508840870530634	-0.01963503737338164	0.011209375498342224	0.03558504996356251	0.015622752699912854
221	0.011263073703328002	0.13081523731560488	-0.012645165624134744	-0.03989757200430903	0.0016532655318226672	0.0182055755309312	-0.0174393590378095	-0.0005244826106966845	0.019960123428488897	0.015264937143856712
222	0.00988418867864491	0.155966491721756	-0.01900107549227011	-0.05151679896386054	0.013138137197832174	-0.001448886729945879	-0.016365946722215603	0.0006625698426956637	0.011802043102666743	0.0037855556678131224
223	-0.0838001657941874	-0.02418265761988136	0.032161318381351015	-0.005683239879758214	-0.022832312872240124	-0.026434653197081784	-0.001446383005086289	0.006926764508444612	0.04957316949022796	-0.028814699177742684
224	-0.08530957000706492	-0.02778193906110492	0.06165543150900345	-0.031068360067479518	-0.012374122437750407	-0.018415634971666102	-0.005558002866298549	0.019364317976896608	0.02389929460401029	-0.028327044758694468
225	-0.0838270499124394	-0.02864812186192813	0.056719945007536694	-0.03228546284147972	-0.00670416285725829	-0.01304492705324249	-0.006290282805950575	0.017598996506567006	0.017519629531102587	-0.02371231813841158
226	-0.07557885271918478	-0.014035696934684426	0.07405882977768302	0.004509038040603616	-0.005700180188751999	-0.02192546543295962	0.002255220742285356	0.0008983372790566368	0.04707518858489617	-0.02213164936246671
227	-0.085712293995002	-0.029843271544595578	0.06575096433674042	-0.028548373996515622	0.015709232182117935	0.007851626475604737	-0.0033309003796490482	-0.01040584553966648	-0.0061563688723311055	0.007408323342360467
228	-0.0781021640107259	-0.020792350419317512	0.10120912015745326	-0.02623774762911904	0.006950317156554712	-0.009831375525973645	-0.0018206854619513338	0.009740352460958314	0.017222813692262168	-0.016416804264685163
229	-0.08028666755420513	-0.02133713760564467	0.11740895029462046	-0.030278450293093864	0.015784869522951085	-0.00386118376803341	-0.0018705132057085978	0.006670032919500379	0.007232250655971238	-0.009143900563070528
230	-0.08057435365282341	-0.020126416821172877	0.12159168761883743	-0.027187259301234817	0.016924252490280497	-0.003150079422031674	-0.0011096604175147727	0.002565578960781348	0.006607081485302173	-0.005533079250269828
231	-0.07809262192116499	-0.015611641764946387	0.09628329314523888	-0.007210312179940537	0.005350382937994636	-0.0119849462304644	0.0018814882684555989	-0.006474365705475364	0.030007496862910748	-0.010577176235690766
232	-0.07915166067134805	-0.020972723140050546	0.12144987768600615	-0.03188464196093149	0.018270151843344386	-0.001342828708495991	-0.002112379797939916	0.0065241561727951295	0.0009686708355946411	-0.005997672577077312
233	-0.0755087553681951	-0.021567462859820266	0.12702422887268794	-0.03863216788140969	0.029007682294110014	0.013679464452927385	-0.003953014692911914	0.001011854085120931	-0.031858070507699655	0.014234781154899985
234	-0.07447987949356288	-0.016000554844941724	0.07775410732818634	0.000908526415277359	0.005131078561926457	-0.011823050755103343	0.0030296159408908733	-0.00994027000995123	0.04093623175916298	-0.011334620853065639
235	-0.0692415615846466	-0.0178891973745093	0.11901807290859812	-0.030735046482856118	0.024619178288579003	0.015950847540593647	-0.0034766116744603622	-0.005483613666065038	-0.03221884057193951	0.019311954437448684
236	-0.07916790130362214	-0.022955697416556186	0.12712583170998748	-0.04056293939304402	0.025672124493701994	0.008727505476898703	-0.004268707552513801	0.0058666809835839304	-0.024288353735456264	0.006669360555717178
237	-0.08151853870500363	-0.023633226578103062	0.12770803076629356	-0.04083274864110968	0.024826495345841037	0.00757834106903808	-0.0042323808017709534	0.005548449995962965	-0.022842092884792987	0.006172712930618626
238	-0.08228258535871784	-0.02394164526536709	0.1212290721918609	-0.03886188876114475	0.02148518512079812	0.0071980799594022074	-0.004110096677263646	0.0025852609936180097	-0.02279932164485488	0.008494489316273128
239	-0.07542416363562277	-0.022377573984820615	0.015008173012416366	0.010696682286788843	0.0068970207080635455	0.0005595356488467423	0.0026304837054736303	-0.029012450919511303	0.031288303110997784	0.0051975097052099906
240	-0.07320699743966243	-0.02153578644362814	0.11598389794824071	-0.03688026987016469	0.02788168192130632	0.013205976265179359	-0.003407878692827558	0.0007133501751729215	-0.03146332217633857	0.014582814639608945
241	-0.0812671109841066	-0.022850170938460264	0.12318468115447916	-0.03490048551934886	0.026045006500323202	0.008144530274061411	-0.0027526058024774733	-0.001493280676979446	-0.01732381275130366	0.009005458866171916
242	-0.07623124223982587	-0.021777840373484552	0.12560244690907132	-0.03935877921087713	0.026573651354331727	0.011073172024963477	-0.003986608898780335	0.0036652577574168847	-0.030664442178045714	0.011798638781489675
243	-0.09617788619561143	-0.05043800217511902	-0.08041309697190735	-0.02977185029677847	-0.024421247223808878	-0.005029781165279058	-0.007383990866660929	-0.0031399290664561176	-0.014824712376604274	0.009665574762077654
244	-0.0985014366824108	-0.050161621591947536	-0.07258382401433654	-0.04325427588052828	-0.049978588556333074	-0.02016083151698421	-0.012351385845023313	0.020037434381996722	-0.020568318201803593	-0.0025838415027756583
245	-0.09711828819828074	-0.04916591609017603	-0.07435566478586408	-0.03760899529265668	-0.03857537734063262	-0.010794645772975522	-0.009493065403393564	0.008682725006092346	-0.023284691813856652	0.0025543788841031543
246	-0.10194646921155905	-0.04871696128769647	-0.06100241924411631	-0.03969810058476874	-0.04487117352631907	-0.018358684580540425	-0.011410258342363346	0.01641379539929988	-0.006161896840554459	-0.014624884343651974
247	-0.09146801521984814	-0.042089739557332126	-0.026521680633862024	-0.04411705241690475	-0.03688074515251979	-0.012948658879823266	-0.010735255762584496	0.018631386225099224	-0.029357444050926593	0.0010951408243498714
248	-0.09357996014638378	-0.04773304337343187	-0.06667612085396891	-0.041684258014225546	-0.04836831391388904	-0.020946268552950224	-0.012149829517045374	0.02184015078373932	-0.02034069983947851	0.0003320508501394325
249	-0.10075779133355031	-0.04766082905839935	-0.05363378951493176	-0.04383619459353767	-0.04992192592484754	-0.021805960670006758	-0.012877420286582059	0.023149073925762806	-0.010873284968558902	-0.014035555939681978
250	-0.09753354908872397	-0.045714007375936616	-0.03740441259926423	-0.045798521394792534	-0.043502895113110215	-0.01751212736170061	-0.012027211267620746	0.021134034281514637	-0.024420791433982375	-0.002047029764382387
251	-0.10535825101028778	-0.05049980707283352	-0.06429799899189816	-0.043433074443379294	-0.051815746906324685	-0.02237957609537351	-0.01318225499516692	0.020988663695651624	-0.008033458904559452	-0.014202075375167739
252	-0.10624396740536432	-0.05186953060513942	-0.0761433528041238	-0.032187126294754176	-0.03481971788603385	-0.011692128723146724	-0.01036264190945252	0.0036328173196732184	-0.002292424089615642	-0.005848496201425915
253	-0.10429658577010573	-0.047121982047381154	-0.03909668619809049	-0.04078156041005669	-0.04347591567270834	-0.01970862840629162	-0.011263268637607616	0.015343132593077005	-0.0079310227419816	-0.008240377965929559
254	-0.10525641450900676	-0.049101635411254355	-0.0566784250812428	-0.04045316034462272	-0.050151578230466815	-0.02390666746092759	-0.012797854441156789	0.020598316106232622	0.0010525812282644548	-0.017760682203796785
255	-0.089109714245475	-0.03503830351723303	-0.0219304613838586	-0.015581228887862151	-0.026063474049520467	-0.018828129682609964	-0.006567168173523953	0.010663626249504425	0.030635281584006916	-0.024040855995911877
256	-0.0871181981872579	-0.03534556872313936	0.010579841348125842	-0.04000708352769886	-0.033294422500345686	-0.02233806177016341	-0.010393719254934174	0.029989434087091968	0.009284374053763395	-0.02911213190199502
257	-0.08462795986524949	-0.033807292614229524	0.012124285300348873	-0.037305914533604316	-0.030425414871434613	-0.0215731235719402	-0.009793623047573613	0.028911208765321203	0.012120982429599641	-0.029303525625144017
258	0.005921370048699039	0.0870794564650469	-0.0015005886559914974	0.019403605871006483	-0.018489475340472742	-0.017028452103410682	0.03352621456848743	-0.0025408536546088732	-0.03351119428833855	-0.008271245053438271
259	-0.0050735994178905995	0.07674502246126759	0.004379729637182587	0.06192542243028153	-0.02204569820402892	-0.037332763117839	0.0181568124561157	-0.011364170307465147	-0.027013177170840418	-0.014345206280459653
260	-0.006281084072566664	0.09488938062553752	0.0031730698941156476	0.04638917847699288	-0.017329529425528636	-0.04389333318360279	0.010792930300507621	-0.02037490287257101	-0.030003422623224977	-0.022196341465037225
261	-0.01216214768996224	0.09679786819689386	-0.004530931717918731	0.012828119057602774	-0.005854225711638277	-0.038153261307016184	0.002482970250174251	-0.020902124788864194	-0.02384571059494055	-0.022737779469463763
262	-8.9887930107743e-05	0.00039420103034541683	-0.010875640679186385	0.024068455909869706	0.005717365049696652	0.008951435346361431	-0.0061539163770256335	0.010101670654190069	-0.005769783680678559	0.024812253230958838
263	0.002703344909148455	0.12842941415252604	-0.004079530769974042	0.017194292953526154	-0.013266779065003821	-0.03742081030918683	0.0036935130305110523	-0.022642276705896046	-0.03967997249824881	-0.018213730341970772
264	0.0018701507481245004	0.1115892211597577	0.0013687326601236388	0.04051879574096768	-0.0221714925416396	-0.03518812811330484	0.004513091496056193	-0.02008793416382548	-0.038363496487833756	-0.014120913800347967
265	0.0017762302182429716	0.05937752303662135	0.012751981789053566	0.08695250412483298	-0.03696374062248041	-0.019495189198107908	0.004898413459676002	-0.0033597726463314554	-0.025641448118478814	3.3992822172369054e-05
266	0.00011212429163076627	0.09941305409456731	0.006232465811206547	0.043916495539068776	-0.026160306411966438	-0.021071302395016273	0.000617608561651023	-0.02433809758014457	-0.02307848618764937	-0.001334584794433927
267	-0.000195963330184679	0.04566292679974301	0.011922237822826786	0.09663016419246133	-0.025263071733713508	-0.020368895971293294	-0.002493409002397644	0.014995217091527856	-0.013990744067804694	-0.004085782822220444
268	-0.008487639243350819	0.06704476249361545	0.01725070661857724	0.08710157549244966	-0.034677248008365025	-0.031026112625892135	0.00904509448969685	-0.021274805459330318	-0.012472934132509534	-0.003181801199818001
269	-0.01755669091451751	0.04550621428010239	0.02180159489646478	0.0946161405328708	-0.027151535677085996	-0.032282299854348134	0.007587178419014951	-0.008371568480770268	0.012563031471914165	-0.00900612535027102
270	-0.019945665003893744	0.06736074796401155	0.02305116542169183	0.06944396485534186	-0.024741459131284026	-0.03867704956270284	0.011115212311075016	-0.027018989058414173	0.0007908177402667507	-0.012671940596488202
271	-0.028403642443184503	0.038697539250373496	0.032363210842331416	0.0724475037456481	-0.025369084868053986	-0.021382121627995018	0.009628913170879771	-0.03350977024857302	0.018283595058672195	0.0030336803302745403
272	-0.00970122353146576	0.03371084497939304	0.004907120036092152	0.08691339205114165	-0.012670371033903397	-0.020421568806001707	0.005056842377188065	0.010603705629993552	0.0021461859153143526	-0.0007076937457462775
273	-0.08943720158640632	-0.03188945351683871	-0.014859239268101919	-0.00787846316176278	-0.030873417523884988	-0.024462373901938464	-0.004074542703780113	0.006081396005058713	0.04193725083029787	-0.02552061155036839
274	-0.06626031516623967	-0.0044573392286350105	0.023548594508933124	0.03847835955189398	-0.017879299775272115	-0.02887911266346971	0.005729557056190785	-0.011674692204380428	0.06044254023425678	-0.01901879068519264
275	-0.03227984942260122	0.01870366708267333	0.028226490820823503	0.08096530473352388	-0.014702354198362088	-0.027941030374762404	0.005444480652517497	0.0006985542878569115	0.04450801439646005	-0.015008107147930067
276	-0.05762077157868729	0.0032991507804997077	0.04626937946262611	0.046360732379570495	-0.014340144682187217	-0.030448077084799137	0.008346072992980859	-0.01162125361761331	0.062142275678458	-0.020450371956060677
277	-0.062061002803658505	0.000747909422290381	0.06400833014139212	0.03608363225455572	-0.009419173240835087	-0.02699597604182093	0.007554840697562226	-0.011929650148166564	0.055473878419065856	-0.018050699813448014
278	-0.02222870529928019	0.020473360171232635	0.03433084510311861	0.044359399675328336	-0.02142717586748847	0.014553259051492372	-0.002108920169844833	-0.03437977745068648	0.000343169170146857	0.02061235165103004
279	-0.07525545079150023	-0.012126379167918653	0.06335388980112144	0.01024308923620471	-0.004430189798210319	-0.013674537142450722	0.004016518714768263	-0.020434334306637172	0.036170407933672065	-0.004708214161152
280	-0.07453932256334206	-0.018664901713610352	0.09787097132204858	-0.01994345075996349	0.01568727885989908	0.00827857524486442	-0.001453143331354066	-0.013307326688295866	-0.012331137273004424	0.01483012598855706
281	-0.04979550817898461	-0.0019831937568733546	-0.007297083159140106	0.03859837344871194	0.010233967707497441	-0.006920812276778651	0.0028827953321160765	-0.014973202911902985	0.03802212112244714	-0.0037646151494160475
282	-0.034532946200125904	0.02162092279422126	0.025894899161464525	0.06898128144448631	-0.012681072761776655	-0.02317175233667527	0.009773160009680367	-0.022487386021592656	0.04162231099746127	-0.005789547069935186
283	-0.04504868136394208	0.005800827291866939	0.02907241647060427	0.057853722730688124	-0.00574568718964484	-0.015002119803299253	0.00788459754236722	-0.02438546143432598	0.04875199801108192	-0.0019290485826603618
284	-0.09844691019731185	-0.04617548978992688	-0.07329201376687147	-0.012146911534942129	-0.01888956747909905	-0.004693073469027078	-0.005953198959877318	-0.011752817765114226	0.007397881545493525	0.007086914090953603
285	-0.1026247796767158	-0.046770381210955884	-0.06969726048586572	-0.015126403981213508	-0.02501988466234116	-0.008803711589012955	-0.006088510430550069	-0.009734816555258673	0.012649397917761658	-0.00031670334070922694
286	-0.06863527928074917	-0.016100093333264797	-0.029530025740496374	0.043896371038690714	-0.003615305121942843	-0.010133726986535209	0.00400708631116207	-0.02122846447302723	0.046664888124910923	-0.001672453185108841
287	-0.0499200157106285	-0.009509332382710968	-0.023852894399909823	0.04068772201405443	0.010870411031139327	-0.004457900970818875	0.0005235032321851473	-0.005946224764347427	0.034853940312132896	-0.004011906642562811
288	-0.07850454686328873	-0.044724696290238924	-0.08372945306430032	-0.012586364450298695	-0.0031259052530871966	0.003758664729781572	-0.002222915332930513	-0.011485897840595198	-0.007941288832838568	0.012516051366339835
289	-0.0747869717091515	-0.04245938956618588	-0.08304233230517713	0.009138810554492189	0.031084723867194228	0.02170375504960909	8.786291455416982e-05	-0.030737545068647835	0.005483382886021478	0.01002186620455118
290	-0.09744157305900158	-0.04946666314466838	-0.08794360122578479	-0.02330284519992059	-0.026250919277854737	-0.0042849600309016475	-0.006836572947504433	-0.004563635152849466	-0.010702492976370956	0.005486191184117728
291	-0.10212777551902014	-0.05012767772224362	-0.08372132349881042	-0.02296819451612723	-0.02624522420521229	-0.0057725546625104	-0.006683438396171369	-0.006593761952276122	-0.002662830950320752	-0.000300310263351784
292	-0.09301177326338883	-0.04697426649489186	-0.08347456362437551	-0.004873007758231561	0.003959471029893864	0.009637884477579371	-0.0024409396001067204	-0.023543330689124717	0.007406999059054999	0.005154027271126158
293	-0.09352042985753511	-0.04823946328144557	-0.08754168011931977	-0.005135834267391559	0.005481666277233371	0.01066420319446016	-0.003250149095142044	-0.024005051971731403	0.0041771599144751256	0.0092589345863873
294	-0.05625180357994698	-0.028921055786047783	-0.06056035211983919	0.035498956353349	0.039501365073168794	0.019211686581545966	-0.0017685117081920917	-0.015567663574364428	0.02192256075563336	0.00824321426661039
295	-0.08232058525992847	-0.03883599193192057	-0.04510293692807433	0.0018346761672447217	0.0237932079011763	0.01767785123893518	0.0007700708870767471	-0.03548048057148385	0.010646883686743441	0.010991961187687919
296	-0.0661519035982529	-0.026720512000368988	0.027920532328045363	-0.016288639540455018	0.014466928398804486	0.019051091410233915	-0.004455511689772769	-0.019154830621381236	-0.011086182105514378	0.011754754258867633
297	-0.011775502035760117	0.0030201958740034545	0.005343119145049603	0.02698553632425572	-0.009163521644179601	0.03988142747387658	-0.011999616887361075	-0.029483816425166818	-0.007703604790184118	0.018733255144716094
298	-0.03643866835628673	-0.028268430196620425	-0.04961504114590293	0.026467390497919446	0.062355489009864956	0.027707430402762495	0.0002868421125703718	-0.02586383235570376	0.008406622141068328	0.008734937006449365
299	-0.029022806161861182	0.008776960773949046	0.03990483240390162	0.0215920565805131	-0.007991331795319818	0.025136683526151265	-0.005110538075462342	-0.03208870637837079	-0.009293862627392879	0.025216259916327324
300	-0.05847014773526883	-0.01587399345751426	0.05717152225969095	-0.0064369241725824875	0.010090664410256831	0.020997321559124475	-0.0036188587998289335	-0.023689814471497306	-0.013509971730124911	0.02189597728629944
301	-0.07644117771555119	-0.03521888583395176	-0.03468311145104638	0.003365139532592226	0.028215941764277008	0.016740793633452544	0.000541173106869727	-0.02991505145404701	0.01409693063616936	0.009479885954966353
302	-0.025286595190985552	-0.022104517613742717	-0.03883084877925104	0.0359766779573309	0.05878545759826054	0.027386112653865754	-0.004448153242409365	-0.01491333838331763	0.01186326558731051	0.0029472369589481516
303	-0.04256721381070968	-0.021689535097841887	-0.04884636026467362	0.04542200676073228	0.0387941898946453	0.019581986101739356	-0.004873465906253287	-0.005053380504701208	0.01975080658794906	0.011616008252978753
304	-0.010550586832261526	-0.007708730489464795	-0.023526901518613388	0.061481639586552526	0.03707085423885466	0.011439722029764853	-0.008880283018070966	0.03318064932844681	0.011397397790778009	0.0016844992260656132
305	0.00473345746187398	-0.005233687892421988	-0.011397510736160408	0.06827729599880977	0.03429465031890099	0.01668902904791248	-0.025849217104186188	0.05823951138804726	0.003920711121506136	-0.012746132995736454
306	0.030170967863188066	-0.028424863539463004	-0.01853633933203036	0.0206212846368332	0.056641679100350374	0.01459410814619718	-0.021940065459593094	0.011194064555756821	-0.0055943235697120345	-0.022445341384975285
307	-0.0060323814840692585	-0.020880273131386178	-0.032457632861427124	0.03769862650584381	0.05944070642563383	0.031040934838739414	-0.014530250548867777	0.004866179776926516	0.0006386938372333356	-0.00840229467276318
308	0.00892653596005842	-0.028423848245586424	-0.03488823965435303	0.02029269069248677	0.0724200228096971	0.021361559640030604	0.00020901662084775308	-0.00926812320367407	-0.007616270969423921	-0.01882338458505914
309	-0.04702061916826671	-0.03184368517572111	-0.06579286634850219	0.028448686281813327	0.05717477180703224	0.029260325987842867	0.0005560104259979777	-0.024094106227302497	0.007896315481540359	0.006131923591309812
310	0.04917727770214071	-0.035412314565991976	-0.01274464538991072	0.0048349833210390445	0.05259339297517791	0.005630467182715014	-0.011365348804445008	-0.005915330582913894	-0.0067099146227052086	-0.03742598318207545
311	-0.046002191200072026	-0.034310144351688596	-0.06270074054029227	0.01987577001329428	0.059801617361085954	0.03203756143245308	0.0022690618585767272	-0.035169167373224786	0.0035799849577713653	0.00339642751533213
312	0.02490269673591331	-0.014205557138112855	-0.005181806544892528	0.009694574776156126	0.029068250210098578	0.013115823167659359	0.022744423119044843	0.018166053189948735	-0.007817848083283022	-0.0390793932110245
313	0.04187118087650009	-0.024696610719515837	-0.00541323471839873	0.0014987326317828832	0.03325992779430004	-0.002447678183310779	0.021692769141413423	0.015537535370464556	-0.004684273389081989	-0.030952682586563054
314	0.07133082490463713	-0.034399755228749815	0.0051114713597997475	-0.018911211125911348	-0.005484103244204208	0.0006545021240533706	0.02944202842970446	-0.0045521502373817154	0.005732398071614223	-0.0407722958838935
315	0.02249461497603558	-0.008596057197432947	-0.0016589474101213442	0.02799920297264865	0.01954251454604354	0.007019222359685519	0.00917844363857488	0.03373890947096316	-0.0011612473534435102	-0.032783673322636486
316	0.06489255397069403	-0.030358213755412252	0.003615769149977399	-0.019681340012341654	-0.005508652797676217	0.007754808089087831	0.04898955115855811	0.0002487612632643586	0.0031397329534326663	-0.03585726179484648
317	0.10457011649376603	-0.05200932099186978	0.008669821062832823	-0.029753867411701173	-0.017255129631157346	-0.008678573775331686	0.0051938355641364745	-0.01862871627566423	0.009726572432682754	-0.03290901962198064
318	0.029090327753066275	-0.007499146646790945	0.00045236938161898066	-0.00740143018068768	-0.005350673437679593	0.006971844716429021	0.08157730593731978	0.03177789980240275	-0.0035967668060885023	0.006765608446304678
319	0.0953072124836711	-0.05333675015024292	0.0017324879943810402	-0.027652023732463872	0.014103535466987895	-0.049550777255187244	-0.0004287431966246008	-0.004690001860614618	0.004524375277017568	0.012778692565572106
320	0.10025989869714606	-0.05211117616003453	0.005360990383092971	-0.03242317257840331	-0.0058643310439707485	-0.03132874306314955	0.018716637488352537	-0.006384934307236023	0.007477448421041851	0.0021952685729785255
321	0.03504200347327313	-0.006035223962333584	0.0024130445413770804	-0.005432627914706617	-0.01121161599164241	0.004271850892267939	0.0752799252043701	0.027009421468946814	-0.005866118017377891	0.008547252610352383
322	0.058467668318660654	-0.028226131732082174	0.0012062641783577252	-0.021501011533392837	-0.00045253141636534893	-0.00974417695003707	0.06954543465732721	0.016611595851381625	0.0015865836054669324	-0.002000568589380456
323	-0.0006598850148388632	0.03232805668461266	0.005624554635282681	0.06059015130279333	-0.017409682698437016	-0.013614919762875755	0.021532383680722484	0.012816518621342076	-0.010686196178197894	-0.00027993868665827687
324	0.02750718359869827	0.009805956815170425	0.009806738562579966	0.06290063177385229	-0.02677263587404716	0.02349934799189238	-0.029085914878202637	0.036379026647921676	-0.017207942526931225	-0.0028826126260503436
325	-0.031015748332476733	0.010474418278967904	0.008133520249847533	0.08241610554869522	-0.003904445124942766	-0.01867389503186841	0.0021616574761867146	0.007676056743023022	0.04621858206299939	-0.008949483217536816
326	0.010061522437946451	0.004919106724537392	0.0015308014877826028	0.08168691538322702	0.010895321223469059	0.007652710722198689	-0.029006482426608728	0.06379956601486292	0.0013614594996702917	-0.010608411985819712
327	-0.01461646093465814	0.03495623639292026	0.01713672012823373	0.09981176651261969	-0.021847637198990733	-0.025268424935486252	0.003117281847765751	0.0037362264267121236	0.017898918484206737	-0.007021771789095759
328	0.00802098587219854	0.006904569457831947	0.0069299111199208185	0.07099802812857803	0.0007938349451050378	0.0113370780521935	-0.022901143541234868	0.03540481361930855	0.002774553779706172	-0.006486774975769418
329	0.011369384828087352	-0.0008207979690042677	-0.0049580339198011325	0.06222538393477984	0.022928020341463278	0.006968170636665615	-0.019841733386066738	0.06258122514919932	-0.003910878461891521	-0.0035120496733839204
330	-0.002982398201608796	-0.0009287008103609972	-0.012696483266920433	0.06690441060435821	0.029143252820638062	0.00586217658139203	-0.013776053572728856	0.045296999346329525	0.009065816813207717	0.00043398377215786053
331	0.017544998309782046	-0.002312072914150652	-0.0005840972470043355	0.06670676736794263	0.018421592155740206	0.011336605686783796	-0.03266582050074759	0.07362195540434255	-0.004472624152301273	-0.012444866239246129
332	-0.03518599096666226	0.005588005803795092	-0.0165239915452145	0.06727660251198338	0.007921321473674572	-0.010415945023247726	0.001980975268663124	0.0028203965802123193	0.03238885975056508	-0.004254106013641735
333	0.0013176963416010063	0.005569078944498516	-0.0059525263089246355	0.07010000012137195	0.020232834470747637	0.003973695483782767	-0.01714363238550764	0.05068040309455432	0.004296789821389947	-0.005135782732698185
334	-0.012846057361318221	-0.007733846456329369	-0.01853839348140236	0.02882452170890537	0.024602675946971648	0.017908338960390832	0.0037606163346095654	-0.008014079791574159	0.003975624647248615	3.8073293012915918e-06
335	0.0569108107556524	-0.02378764402845823	0.005135283696208844	0.024658099630947002	-0.0030899738448258193	0.010466851981417192	-0.04073423301734199	0.04691986147425216	-0.009701152554551506	-0.008281043076283063
336	0.02650074389699746	-0.0010319098406216722	0.0034910986650044627	0.05711916702739	-0.0007765381324996975	0.010688782252152446	-0.029957633299077673	0.06106358811776693	-0.014078454598821092	-0.0035491947837472614
337	0.01866365026632953	-0.01658426479768009	-0.013851669438738834	0.03947073398581165	0.03665328531171	0.015823407054275578	-0.03071980178653082	0.04682878022265925	-0.0038630303167100912	-0.0003890155122531979
338	0.05269757770660553	-0.025279206171107294	0.0007280032422146413	0.03146136497548265	0.01573941677377919	0.015470416837295664	-0.050433657143496166	0.057334893776851775	-0.009653984785085641	-0.02029548159708765
339	-0.0006565252400649596	-0.003458232655622482	-0.011408285630026762	0.07386129202940611	0.029176705454245618	0.013184948007078744	-0.023834663411143913	0.05177714949318612	0.010574271072826363	-0.0062983307960879
340	0.022589096440937432	0.0009040802522750173	0.004820636497548719	0.07137097893080661	0.000608207801170788	0.014396887678271783	-0.03730791947921488	0.0650804897049487	-0.0076937416933520264	-0.01123688526144025
341	0.030842968247660276	-0.01626032936969209	-0.004705303257474843	0.04075849461972083	0.03015452348437844	0.021418547232579372	-0.04153874288836164	0.05544937710266857	-0.008994213811063962	-0.021683151091897463
342	0.042909345479264276	-0.01989382640577555	-0.0007546297861115318	0.04086071629938323	0.022445306138903668	0.012073309502779546	-0.04790028591557992	0.0700215418557246	-0.009574638778847127	-0.01853676589756579
343	0.0014544674992930074	-0.006183177665536393	-0.013053605975843287	0.05837415127478757	0.03439276068925812	0.01221619013644347	-0.02167586448285775	0.04801018694598687	0.007788695068097096	-0.003989378482250717
344	0.04130123847370354	-0.014277769813323592	0.0036430703389410467	0.04334796975979003	0.0027890092662154805	0.024298124266322458	-0.04872834788838447	0.059333363090837275	-0.011865453516312715	-0.015283886163764764
345	0.07124862831084336	-0.03778584452950041	0.0014514479832299708	-0.0042199537384724995	0.01930812390498001	-0.017613767112509938	-0.004550610582686046	0.0198624083193544	-0.00036820985488743405	-0.02491151284800847
346	0.03749104964167851	-0.017890362351232876	-0.001375553240527537	0.032692719730691266	0.024865540593628808	0.011362196840306319	-0.0287383479586102	0.05943662545881238	-0.007872464972885062	-0.028786319148438475
347	0.03581481476263587	-0.017437240441252003	-0.0028321236391940664	0.04157259417920238	0.029233146105781233	0.009955051771095907	-0.03959762239481974	0.07131224219977887	-0.008813948554680076	-0.01775958604692855
348	0.04956238855255975	-0.024978357880500086	-0.000882234284088568	0.028298884540779674	0.022096422856681515	0.016521588098045097	-0.04498064579250873	0.0500462686990991	-0.009055118652946207	-0.029029514010309225
349	0.048708132996093376	-0.02959633308784465	-0.007382799120769217	0.025236778970430557	0.044511507674914096	0.0010639991941992844	-0.03530644036614863	0.04454244069664217	-0.007519992541111176	-0.022447570089920005
350	0.03829070069755343	0.016213685687205194	0.012658332275903078	0.008466488496666758	-0.056976265052334586	0.07155523972357423	-0.02012506906604473	-0.021489341150688252	-0.002086823864846442	0.010894029920977984
351	0.021959872459564562	0.040273614692707925	0.01043799439147815	0.0183291737725142	-0.04353317366111969	0.049592202803874656	-0.021681016193027522	-0.024336994952898556	-0.007238074307685355	0.012511483925103921
352	0.05698442749394476	-0.01185533497743538	0.01486497045351883	0.01223392440389679	-0.06108966539981912	0.07320986459386046	-0.03791750808196252	-0.01671970940580989	-0.008109810111937945	-0.0016488855368357155
353	0.04917228640587519	-0.009813608258634724	0.016699802684114914	0.011731054160604331	-0.056087731829421415	0.07107840203181559	-0.03317471284063768	-0.020620775495866682	-0.009951335833742046	0.0032411284657113577
354	0.006678230224707328	0.042564505444176184	0.017096243345143564	0.0693028024243063	-0.042300137846010895	0.014485932906765005	-0.009935100145102854	-0.014894158781813991	-0.016293122620838894	0.011460689148707168
355	0.06592289957596514	-0.0170592711257098	0.012097398473588431	-0.006336041606040723	-0.06005524657791516	0.07131657176824936	-0.02492007312226654	-0.02112499523196794	0.000406206668942337	-0.007812247133713264
356	0.03960156571667643	-0.010186524990045884	0.0071281836309637775	0.008450030160605873	-0.030066036846991953	0.058870437815356516	-0.02967863642208664	-0.01583647389407746	-0.007453457556423714	-0.011256876217438056
357	0.11552968881112131	-0.058920562645001	0.008716938187706144	-0.03156871317518845	-0.01682655160958349	-0.0233970118861443	-0.012786673856070345	-0.0157479613427696	0.008809189403560468	-0.006603157784832919
358	0.07591264101200661	-0.03736205650516533	0.004204470104810099	-0.005230177152503391	-0.012010604907681945	0.009199736552836936	-0.03294778304570395	0.006586443165235274	-0.0034350278180808754	5.8475553985502625e-05
359	0.08091998988189787	-0.03498686932359045	0.009384236470601383	0.006525281699509351	-0.02560052930169091	0.027712106688936755	-0.04732875104053931	0.018529339406845553	-0.0055145017985303154	-0.016773578025833694
360	0.06665527001816687	-0.03151943355795996	0.004482220227606654	0.00826412432879316	-0.003436731906257096	0.025339667397527705	-0.0407978202814591	0.015248975915494428	-0.006101643230458114	-0.0278601335364614
361	0.07554460751848988	-0.0324552876560352	0.008807508331560715	0.007463689927835228	-0.022551502286897337	0.02934775227988544	-0.04510071111040839	0.016356362369092207	-0.00528073022845913	-0.020671639601403002
362	0.09314774092051817	-0.036550694982419044	0.01285277592837947	-0.01926516421206533	-0.056136134858673616	0.048422235260878514	-0.019672179705554096	-0.025460098725459127	0.005606066593516355	-0.015552400957603256
363	0.08479075271523329	-0.027824003195609903	0.012968884442538567	-0.015024286551901397	-0.060578195661356714	0.059200415363238626	-0.026110896299936733	-0.02514313336307467	0.004400252492180603	-0.009140478678161559
364	0.07230450501624616	-0.025256174208688996	0.012780014703064557	0.00017408047157621855	-0.05291322048286576	0.06419472681607322	-0.041316533529215334	-0.014519850447719652	-0.004214070361124149	-0.013382599407556124
365	0.041599721279726914	-0.0205298369094687	0.008506191118827274	0.0013527576188628	-0.010909452469202075	0.04471009473568719	-0.025243353803722397	-0.019782166098280544	-0.009148879478514822	-0.017842804337148015
366	0.09178325142934594	-0.03733862805225066	0.012919750266683036	-0.01453591144626277	-0.053120702042921096	0.04534586796332593	-0.03232371766068175	-0.022384219283167424	0.00172093386974499	-0.01048630184659057
367	0.08851619355008213	-0.04361159338299011	0.006388301968513498	-0.02485337087230929	-0.010075702008536396	0.00027376289573022826	0.019072062038512506	-0.014270704340380271	0.0073155911567607665	-0.04420397418475191
368	0.11087360577693309	-0.05524016675732597	0.009556351311020254	-0.02775984476541686	-0.020067988783006797	-0.005280057379287321	-0.015190990002496978	-0.01924782047219078	0.008052437353849754	-0.028625453813543724
369	0.09080466821137574	-0.04770235984336898	0.004397494511779914	-0.02285489191485893	0.0034449866778082177	-0.005675316798967871	0.0009660251769744397	-0.019884666731357737	0.0048148337248556244	-0.04558558003169306
370	0.11059498754850283	-0.05885506384531838	0.00556672990387048	-0.030171599451095328	0.0026884990622547808	-0.026269573860751287	-0.007559681438150914	-0.01858677911618339	0.008143536191898938	-0.02963012332075158
371	0.09524980364481875	-0.050744265450429156	0.004050636889090415	-0.013976459783989464	0.009345264967231561	-0.016717531491372763	-0.029619395272136285	0.0034730687025849956	0.0015434938369958972	-0.025010687882616206
372	0.03351599478183045	-0.03003379235837514	-0.01735256707663196	0.002093919432074789	0.05065492134265587	0.011501546972748479	0.008516205658828147	-0.01928890631822356	-0.006722321586203899	-0.036978711233964505
373	0.08801117256943719	-0.047001314196306654	0.0032201914301232246	-0.014653793639482639	0.00014792081961797807	-0.025319784353336153	-0.023475816769814462	0.011733505379632365	-0.0010266365695524274	0.01023006477037321
374	0.0540911048942103	-0.03141644074848386	-0.003649483731658271	0.0020282575981180272	0.01201699999470651	-0.018053974981881805	-0.02079854921904844	0.030251847618350165	-0.0074965818848389395	0.02135500466037475
375	0.10487571710297292	-0.05707245719622531	0.0039662031194645465	-0.033949730618896376	-0.0006428173901011197	-0.043839720321144054	0.003139752462609238	-0.01129552903103664	0.006941973368629337	0.011731310579396246
376	0.11529786928019162	-0.06233266163340764	0.0054113191348589265	-0.03305602344769838	0.004510361635367945	-0.04216070355620294	-0.01081673424566995	-0.017135635987155874	0.008994408232024726	-0.008189547748796657
377	0.09833840324892214	-0.05464183452649596	0.001957017736871246	-0.018714775950298097	0.020024964514297073	-0.03358324857966006	-0.022082231470382258	-0.0002016915431834944	0.002644589476033096	-0.01604144626691934
378	0.10190879345786623	-0.05664285963674025	0.002169606320870311	-0.02007264112874402	0.020491769832960652	-0.04191538661528513	-0.020362426655783007	0.0012672938848103678	0.0030915819032106594	-0.005456496805852742
379	0.10537448443184942	-0.05552344155901057	0.005975636154017617	-0.020119649342453694	0.002254756145777907	-0.02753929800938752	-0.026499101183297336	0.0006293279438791206	0.004536607042110548	-0.01108418248929533
380	0.06680715651517478	-0.041146095625338976	-0.006330976422391926	0.0030871129942881595	0.04124348799254343	-0.01291059927338684	-0.027736297251045428	0.01517844375444097	-0.003612624926905201	-0.018299357973483872
381	0.0786266416478237	-0.047110153676326615	-0.004426155572862961	-0.014668291400178285	0.03503627144298764	-0.030219106110833706	-0.001734523033407922	-0.00024570636504225396	-0.0009799959200621313	-0.011459423206431351
382	0.044548375231421584	-0.032636219283102334	-0.013758656821463567	0.012402905934741585	0.05110965943958243	-0.011349787498832123	-0.015056847056378863	0.021451030276678787	-0.004860116019792684	-0.001405534385506911
383	0.00302448305365473	-0.02431138811701922	-0.03408023425695401	0.02959120789836056	0.06413338542723318	0.013065495406887012	-0.00691918040221757	0.00988681367654935	-0.0018558086616359034	0.008733572767440132
384	0.061661913335474924	-0.017583404387461258	0.008551065207791822	-0.0034653811360606684	-0.04280450355576386	0.04394665484338993	-0.014846694124854766	-0.00391644364064283	-0.0027856696583815417	0.003096893467009441
385	0.02859930714693926	0.02347301673094556	0.01140625067128856	0.03726316278678612	-0.045331710635619846	0.03665643763326665	-0.004586730758062329	0.001810694408081693	-0.018313105924274334	0.0022680991713360005
386	0.020174403589709605	0.07418674224705785	-0.008884220308253256	-0.04104822243572454	-0.010183794668780463	0.04942218017953559	0.022082229912033978	0.023438370030957327	0.032186181443918556	0.019574165287455494
387	0.045439202616042326	0.013728252959419431	0.006634288565483269	-0.011183058578935555	-0.05195491948751613	0.07529194024228279	0.009254571815296313	0.0018790763303326314	0.010324381705969188	0.008495678481662062
388	0.045113430730815196	-0.006528020618976451	0.0032813213726395666	-0.01707971315356065	-0.024886804165257684	0.03253492967430055	0.09416273952054836	0.029079312603062294	0.0027930239891923057	-0.004682150121868998
389	0.01877152602931547	0.041487496355592984	0.0003565881205725626	0.00302565842198013	-0.027179558432639337	0.026932453681819873	0.06811502595030522	0.023798961365080924	-0.012898893375258135	0.005915642494156273
390	0.061024152601201115	-0.04076708101888473	-0.008183213846929445	-0.02067186390145313	0.014903017925142129	-0.04003564696547664	0.012983500774291916	0.0042899931910885215	-0.0028627241651422515	0.032170073043373625
391	0.09596337399215188	-0.05122237230006157	0.003815198116269421	-0.030564586297482835	-0.01186545223947037	-0.028745404897643108	-0.00017004488721627443	-0.010988825491038611	0.0048746100286718485	0.016447261109104595
392	0.05904099706717964	-0.03725464446881079	-0.006090312456345546	-0.013939346712467732	0.015557938795602556	-0.03503189745289064	-0.0030669391974421857	0.010564503595498613	-0.004665418135599951	0.03545083242652327
393	0.04775614315617298	-0.0407553669522819	-0.013125923417618843	-0.023449177578042595	-0.003696453118930442	-0.03674626377659827	-0.0032885588486074686	0.009566316125444346	-0.007789131729824009	0.03409038706158669
394	0.03293240012163736	-0.028141482631504802	-0.01343156660507365	-0.006743611222090022	0.01709045839765897	-0.027543048014613217	-0.0011368758901207539	0.01494355641893567	-0.008871652592065451	0.044481907266249066
395	0.0028485886683837676	-0.01132940913249623	-0.01823556095336301	0.023217172646422382	0.020109453181324014	0.0016110529093372678	-0.008676584884520106	0.026811298529806384	-0.005914310448122553	0.027647926193158357
396	-0.022398464389805264	-0.020540057898848173	-0.03664739354336681	0.0029666664820037747	0.007718661799711352	-0.00426034743964578	-0.005015313138232678	0.014683735996069106	-0.011520395322771753	0.03281763749312651
397	-0.04843299154679854	-0.033486530736915675	-0.050352813258601185	-0.021210351279714566	-0.021588947475809257	-0.01737383448310102	-0.006338575825287327	0.0185347266757854	-0.018708880985478505	0.02813112620534836
398	0.0022067822790821628	-0.015595613498509221	-0.021327884002534252	0.013771072742485858	0.017328025861186445	0.004413263902316759	-0.007514037309579703	0.015469770922294183	-0.007029427844677005	0.03224289381614571
399	-0.055372462739373636	-0.03142881734901513	-0.060454209894239636	0.010297248881270558	0.01686862864493032	0.008261480103067266	-0.003481258077584577	-0.0076205223698680765	0.0027954687131551874	0.023516860506991342
400	0.047954134269286054	-0.010227594679611214	0.003215465719616303	-0.019343341763417086	-0.023566218599064635	0.02887357496656102	0.09727904242882734	0.029888460167679202	0.0039035527151575168	-0.0014951460258502561
401	0.030199461304441545	0.010677893675675964	0.0009085784431589889	-0.013828878938941478	-0.02543800631237895	0.042099786822996255	0.0829381630348723	0.030330339072873178	0.0025687331998999847	0.003449845842608201
402	0.03162522831739102	-0.008857625941179626	-0.0006518970970386222	-0.013614584186872471	-0.010966602619417577	0.010418091141894067	0.09428776946208109	0.03306165599952366	-0.0031853422813419045	0.00972274303044568
403	0.03375027542793246	-0.008517562781235834	-0.0006005888272110358	-0.013622045226198047	-0.008498165987446776	0.016914394387856878	0.09919418908469751	0.03247258327023177	-0.0026212791576081273	0.0021064033729025836
404	-0.005059670270996995	0.012815634133827601	-0.01580857491453849	-0.012260013586419526	-0.009547455806954102	0.023252534386132725	0.0337414719908062	0.018235220492845927	-0.006209171112014533	0.004929769837510872
405	-0.04251405460823938	-0.018310203801716135	-0.0394577057984127	-0.01031449372901995	-0.0029963872218502063	0.012915229696504502	0.012227307488079733	9.317915055829017e-05	-0.01230439993861023	0.0009386070391522054
406	-0.014088277463851379	-0.016022004148067967	-0.035775947911950136	0.01194673828355942	0.047862632056899654	0.029310760513904764	0.017668911953902553	-0.01569680919318963	-0.01683751051644522	-0.01606217046710927
407	-0.030740379432714196	-0.015284395374894268	-0.03639911515792085	0.010453203158818885	0.017645379902863575	0.019105884303456045	0.010923825601473557	-0.007035288180653034	-0.007322205794834232	-0.0012791974794571302
408	0.029236437091672056	-0.019926683344654746	-0.010453759590628298	-0.0022876349288726778	0.035760119135913954	0.018013466408064727	0.04088583582974669	-0.008757383636759633	-0.011414862601077288	-0.0482681861595734
409	0.007834900948113037	-0.016672951670822753	-0.022193015379007933	0.009540645105707766	0.05585157755996223	0.02768756098526202	0.026610222908074594	-0.01787492680914355	-0.016453617834988686	-0.04142393927861849
410	-0.04369864848799564	-0.024909112280480348	-0.053192263959564	-0.00288817613295725	0.015973025447402922	0.019470509936267158	0.013920454280854713	-0.015807555307504054	-0.014786446406589644	-0.004687647370882644
411	-0.025637652147935876	-0.021059872887264013	-0.0453979106507689	0.011683031854394513	0.052034917400419115	0.032463627343289156	0.018929238136633966	-0.027362657182144364	-0.014396066552386691	-0.01545809449019084
412	-0.028199872795282698	-0.023364766678828433	-0.048541489378854996	0.011227918154791645	0.05500806689959476	0.03386206553675051	0.020977327081155107	-0.030429113615908384	-0.014807603553926517	-0.019496388898110967
413	-0.06212230370693446	-0.03400978306827817	-0.06552124642077872	-0.0073570545580890065	0.013481373054830518	0.017731715267202658	0.008538502772478697	-0.02023358823806743	-0.013852869359522717	-0.004081816461086601
414	0.005412964704296469	-0.01733589716477971	-0.025495265313487354	0.014234868167410592	0.06549276695764726	0.026464956227108156	0.018538684821557242	-0.01585441041158966	-0.01805169688622798	-0.030188117574307703
415	0.0010681288227118349	-0.01618922831938504	-0.02734888933261869	0.019901183322606392	0.06202443922854835	0.026432675649375712	0.010766131774648814	-0.006286130599055082	-0.016253831508798767	-0.021278737773624084
416	0.05343853125036869	-0.016113867893907882	0.003312810411800617	-0.021366642289738523	-0.021423771118001922	0.018852942989115634	0.0946556109488862	0.02585813810482415	0.0036687522094845815	0.0018801919476272905
417	0.031684521475752986	0.004875011435143004	0.0010868234840181322	-0.013682411330323076	-0.023129062780561187	0.03761833061009221	0.08928019515518042	0.03265786991928809	0.0025049717711658702	0.00469632685007805
418	0.029759075802001024	-0.007759467613582956	-0.0017407069895098897	-0.013060501761788114	-0.01066209716518551	0.011123700443106592	0.09666689691101546	0.03326235281986462	-0.003343909323250552	0.010817917078088768
419	0.031319213687351764	-0.009051562170839246	-0.001785887535613012	-0.012845878098763069	-0.006395138590341178	0.016278382148209352	0.09978430066249436	0.031047754164015097	-0.0038060358563704617	0.002912633608149821
420	-0.004005867508669374	0.004084948478464212	-0.0135808527236733	-0.00623664143112344	-0.009397002974976873	0.021182704776620872	0.03926172517517813	0.01908441415760623	-0.00872984032689943	0.005193448889956505
421	-0.039161642737002476	-0.017266904974189833	-0.037348490596374115	-0.008657310716457246	-0.0031457417273140433	0.011574524589397669	0.012942871386700581	0.0007873639917026951	-0.011728559538121424	0.0010723534222398788
422	-0.005990342600066966	-0.01493063545908244	-0.029277152516158252	0.008912766667937453	0.047371102002534984	0.025255864930446365	0.02068258336045165	-0.017625828965349626	-0.018546846174752673	-0.016619571324102186
423	-0.02741843070133868	-0.014180759810123443	-0.03183450907568626	0.003232392791127472	0.013162978259374174	0.01659390716392853	0.014458365255055216	-0.0070163115888115715	-0.012234339994047095	-0.0024667829078247852
424	0.04121221106137975	-0.024361386330879923	-0.006855318192805958	-0.0075519293804331864	0.028737938487247944	0.013455127536264417	0.041838639936197096	-0.010484804908811275	-0.007392612148738631	-0.049593044689015056
425	0.021730082781119122	-0.020034693587055948	-0.015651659731605327	0.0029147288776284375	0.048611014053214385	0.01998121046125661	0.029931276482103517	-0.018185155927982623	-0.013379750263622188	-0.04553825116054034
426	-0.04766144189679481	-0.02656618358062152	-0.053922180594872145	-0.0057134604330213124	0.011489578603780953	0.017173743026935036	0.013514325087867653	-0.014249725747169732	-0.014976963762433182	-0.0034493875450428368
427	-0.017501810601193928	-0.01914403272503704	-0.04016764617715646	0.010666903003121921	0.0534595731565942	0.03196389749681261	0.022506805725306445	-0.026262342217071924	-0.016603859793545554	-0.020589341284470927
428	-0.02403148288188786	-0.021961547919318272	-0.043790613976010875	0.011979469722751107	0.05862108357383083	0.03497298408835172	0.02350889096555724	-0.030647618429042574	-0.015116227689504448	-0.019220528832330108
429	-0.06302845372017231	-0.0343352654459838	-0.06557311885631255	-0.008573913846989863	0.01104103186514299	0.016552819559375372	0.0087159266054416	-0.019191793364513998	-0.014418049265271583	-0.003187040042066696
430	0.013398679732296026	-0.019264036641281852	-0.021295742172039115	0.009522139288406388	0.06029596099053468	0.017845026369778604	0.01861169131817281	-0.018204248919299303	-0.01660626280940443	-0.025339586106545527
431	0.0019992304773711433	-0.017364952878972856	-0.027412956015941126	0.015708524624565907	0.060376327737791315	0.02094581513152317	0.014590087251493284	-0.015494844759079132	-0.015814826975568436	-0.010993214974079927
